# Shell averages outside the throat at the checkpoint's time t, read on one AMR level:
# H_ADM = the ADM Hamiltonian constraint, rho16pi = 16 pi |rho| (its matter term),
# Theta = CCZ4's Theta, alpha = the lapse, dZ = 2 chi d_k Z~^k (the code's H is ~H_ADM + dZ).
# Shells |r - r0| < dx/2 about --centre, r0 clear of the cube's 4-cell edge band.
# Written by grteclyn-wrapper/scripts/analysis/wormhole_merger/checkpoint_hamiltonian.py --out;
# one command line per run set below, dated (UTC).
# 2026-10-08: python grteclyn-wrapper/scripts/analysis/merger_feedback/c_checkpoint_hamiltonian.py runs/wormhole_merger/08_convergence/farzone_headon_flip_d8_L512_lvl5_t100_csm/BinaryWormholeChk02500 runs/wormhole_merger/08_convergence/farzone_headon_flip_d8_L512_lvl6_t250_csm/BinaryWormholeChk02500 runs/wormhole_merger/08_convergence/farzone_headon_flip_d8_L512_lvl7_t100_csm/BinaryWormholeChk02500 --level 4 --dx0 2.0 --centre 256 256 256 --half 7.9 --rmin 3.7 --rstep 0.3 --out results/merger/analysis/convfz_constraints_t100.tsv
run	t	level	r	H_ADM	rho16pi	Theta	alpha	dZ
farzone_headon_flip_d8_L512_lvl5_t100_csm	100.0000	4	3.700000e+00	-4.881864e-04	9.011395e-06	-3.918071e-05	3.975214e-01	1.379781e-05
farzone_headon_flip_d8_L512_lvl5_t100_csm	100.0000	4	4.000000e+00	-4.815881e-04	7.943743e-06	-3.882139e-05	4.248830e-01	1.204528e-05
farzone_headon_flip_d8_L512_lvl5_t100_csm	100.0000	4	4.300000e+00	-4.704402e-04	7.047079e-06	-3.807931e-05	4.512568e-01	1.035880e-05
farzone_headon_flip_d8_L512_lvl5_t100_csm	100.0000	4	4.600000e+00	-4.557530e-04	6.301487e-06	-3.703018e-05	4.762364e-01	8.789987e-06
farzone_headon_flip_d8_L512_lvl5_t100_csm	100.0000	4	4.900000e+00	-4.386270e-04	5.672875e-06	-3.571719e-05	5.000671e-01	7.433808e-06
farzone_headon_flip_d8_L512_lvl5_t100_csm	100.0000	4	5.200000e+00	-4.205609e-04	5.140351e-06	-3.416990e-05	5.226556e-01	6.618210e-06
farzone_headon_flip_d8_L512_lvl5_t100_csm	100.0000	4	5.500000e+00	-3.971839e-04	4.690970e-06	-3.236051e-05	5.439191e-01	5.353860e-06
farzone_headon_flip_d8_L512_lvl5_t100_csm	100.0000	4	5.800000e+00	-3.722832e-04	4.302757e-06	-3.040902e-05	5.640507e-01	4.265444e-06
farzone_headon_flip_d8_L512_lvl5_t100_csm	100.0000	4	6.100000e+00	-3.463009e-04	3.969495e-06	-2.835108e-05	5.829312e-01	3.313473e-06
farzone_headon_flip_d8_L512_lvl5_t100_csm	100.0000	4	6.400000e+00	-3.195163e-04	3.676562e-06	-2.621347e-05	6.007008e-01	2.486436e-06
farzone_headon_flip_d8_L512_lvl5_t100_csm	100.0000	4	6.700000e+00	-2.918737e-04	3.420223e-06	-2.399526e-05	6.173870e-01	1.758128e-06
farzone_headon_flip_d8_L512_lvl5_t100_csm	100.0000	4	7.000000e+00	-2.639421e-04	3.190241e-06	-2.175028e-05	6.330088e-01	1.084852e-06
farzone_headon_flip_d8_L512_lvl5_t100_csm	100.0000	4	7.300000e+00	-2.342353e-04	2.982599e-06	-1.950579e-05	6.477160e-01	-4.037628e-07
farzone_headon_flip_d8_L512_lvl6_t250_csm	100.0000	4	3.700000e+00	-4.944017e-04	9.042100e-06	-3.976890e-05	3.974105e-01	1.260650e-05
farzone_headon_flip_d8_L512_lvl6_t250_csm	100.0000	4	4.000000e+00	-4.883185e-04	7.968900e-06	-3.942261e-05	4.247718e-01	1.147220e-05
farzone_headon_flip_d8_L512_lvl6_t250_csm	100.0000	4	4.300000e+00	-4.767887e-04	7.068107e-06	-3.867492e-05	4.511461e-01	9.836154e-06
farzone_headon_flip_d8_L512_lvl6_t250_csm	100.0000	4	4.600000e+00	-4.623685e-04	6.319412e-06	-3.760053e-05	4.761265e-01	8.689352e-06
farzone_headon_flip_d8_L512_lvl6_t250_csm	100.0000	4	4.900000e+00	-4.445642e-04	5.688464e-06	-3.622218e-05	4.999585e-01	7.381313e-06
farzone_headon_flip_d8_L512_lvl6_t250_csm	100.0000	4	5.200000e+00	-4.256630e-04	5.154099e-06	-3.460519e-05	5.225485e-01	6.559677e-06
farzone_headon_flip_d8_L512_lvl6_t250_csm	100.0000	4	5.500000e+00	-4.015159e-04	4.703210e-06	-3.273180e-05	5.438135e-01	5.289307e-06
farzone_headon_flip_d8_L512_lvl6_t250_csm	100.0000	4	5.800000e+00	-3.759265e-04	4.313681e-06	-3.072300e-05	5.639469e-01	4.196845e-06
farzone_headon_flip_d8_L512_lvl6_t250_csm	100.0000	4	6.100000e+00	-3.493408e-04	3.979339e-06	-2.861469e-05	5.828292e-01	3.242968e-06
farzone_headon_flip_d8_L512_lvl6_t250_csm	100.0000	4	6.400000e+00	-3.220322e-04	3.685505e-06	-2.643317e-05	6.006006e-01	2.415626e-06
farzone_headon_flip_d8_L512_lvl6_t250_csm	100.0000	4	6.700000e+00	-2.939391e-04	3.428443e-06	-2.417702e-05	6.172885e-01	1.688663e-06
farzone_headon_flip_d8_L512_lvl6_t250_csm	100.0000	4	7.000000e+00	-2.656264e-04	3.197805e-06	-2.189981e-05	6.329119e-01	1.018834e-06
farzone_headon_flip_d8_L512_lvl6_t250_csm	100.0000	4	7.300000e+00	-2.356076e-04	2.989559e-06	-1.962782e-05	6.476207e-01	-4.602685e-07
farzone_headon_flip_d8_L512_lvl7_t100_csm	100.0000	4	3.700000e+00	-4.965320e-04	9.044747e-06	-3.994254e-05	3.973010e-01	1.265225e-05
farzone_headon_flip_d8_L512_lvl7_t100_csm	100.0000	4	4.000000e+00	-4.902232e-04	7.971052e-06	-3.957925e-05	4.246610e-01	1.149922e-05
farzone_headon_flip_d8_L512_lvl7_t100_csm	100.0000	4	4.300000e+00	-4.784656e-04	7.070484e-06	-3.881360e-05	4.510347e-01	9.853095e-06
farzone_headon_flip_d8_L512_lvl7_t100_csm	100.0000	4	4.600000e+00	-4.638117e-04	6.321415e-06	-3.772102e-05	4.760153e-01	8.694366e-06
farzone_headon_flip_d8_L512_lvl7_t100_csm	100.0000	4	4.900000e+00	-4.457828e-04	5.689779e-06	-3.632481e-05	4.998480e-01	7.377995e-06
farzone_headon_flip_d8_L512_lvl7_t100_csm	100.0000	4	5.200000e+00	-4.266641e-04	5.155199e-06	-3.469106e-05	5.224391e-01	6.547432e-06
farzone_headon_flip_d8_L512_lvl7_t100_csm	100.0000	4	5.500000e+00	-4.023304e-04	4.704316e-06	-3.280270e-05	5.437057e-01	5.274833e-06
farzone_headon_flip_d8_L512_lvl7_t100_csm	100.0000	4	5.800000e+00	-3.765805e-04	4.314626e-06	-3.078068e-05	5.638408e-01	4.176800e-06
farzone_headon_flip_d8_L512_lvl7_t100_csm	100.0000	4	6.100000e+00	-3.498524e-04	3.980050e-06	-2.866051e-05	5.827251e-01	3.226028e-06
farzone_headon_flip_d8_L512_lvl7_t100_csm	100.0000	4	6.400000e+00	-3.224242e-04	3.686060e-06	-2.646895e-05	6.004985e-01	2.395294e-06
farzone_headon_flip_d8_L512_lvl7_t100_csm	100.0000	4	6.700000e+00	-2.942320e-04	3.428946e-06	-2.420436e-05	6.171886e-01	1.672679e-06
farzone_headon_flip_d8_L512_lvl7_t100_csm	100.0000	4	7.000000e+00	-2.658400e-04	3.198242e-06	-2.192052e-05	6.328142e-01	9.974431e-07
farzone_headon_flip_d8_L512_lvl7_t100_csm	100.0000	4	7.300000e+00	-2.357711e-04	2.989920e-06	-1.964329e-05	6.475252e-01	-4.681124e-07
