# Claims ledger, area 'single': the model, the numerical setup, the single wormhole, two throats at rest.
# Columns and rules: claims.py --help.  One row per quantity; list every place the article quotes it in anchors.
# Extractors: claims/extract_single.py (single_*) and lib.py.  Rows whose note starts 'MISMATCH (kept deliberately)'
# or 'NOT TRACED' / 'NO ANCHOR' are findings of the 2026-09-24 ledger pass, not errors of the ledger.
id	tex	num	tol	status	extractor	args	anchors	source	checked	note
# ---- the model (sec:model)
clmThroatA	2	2		def	param	{"run": "single_hold_t100", "key": "wormhole_throat_radius_A"}	ols. Unless stated, $a=2$, $m= || ratio at $a=2$ is	campaign/01_single_throat/hold/single_hold_t100/evolution_params.txt: wormhole_throat_radius_A	2026-09-26	throat scale a of the production throat; every d = 12 pair and the Table I default use the same a; anchors re-cut 2026-09-24 (feedback edits)
clmThroatM	1	1		def	param	{"run": "single_hold_t100", "key": "wormhole_drainhole_mass_A"}	$m=1$ has $R_{\min} || $m=1$ ($R_{\min} || $m=1$, and dies at its origin	campaign/01_single_throat/hold/single_hold_t100/evolution_params.txt: wormhole_drainhole_mass_A	2026-09-26	ADM mass of the production throat
clmRstar	3.8895	3.8895		def	single_drainhole	{"quantity": "R_min"}	t5\,e^{\frac12\arctan2}=3.8895$ at $r_t=\t || rainhole holds $R_\star=3.8895$ to $\clmHo	closed form R_min = e^{-u(r_t)} sqrt(a^2+m^2), a and m from the production params	2026-09-26	closed form 3.889549; the data read 3.88960 (level 4) and 3.88997 (level 3) at t = 0 (areal_radius.dat); anchors re-cut 2026-09-24 (feedback edits)
clmThroatCoordRadius	1.618	1.618		def	single_drainhole	{"quantity": "r_t"}	$r_t=\tfrac12(1+\sqrt5)=1.618$. The point	closed form r_t = (m + sqrt(m^2+a^2))/2, a and m from the production params	2026-09-26	anchors re-cut 2026-09-24 (feedback edits)
clmChiThroatLo	0.15	0.15		def	single_chi_throat_range	{"kind": "min"}	stays in $[0.15,	closed form chi_th = e^{2u} Omega^{-2} at r_t, swept over 0 <= m/a <= 1	2026-09-26	0.1515 at m/a = 1 (chi_th falls monotonically with m/a); independent of the pack
clmChiThroatHi	0.25	0.25		def	single_chi_throat_range	{"kind": "max"}	,0.25]$ for	closed form, as clmChiThroatLo	2026-09-26	0.25 exactly at m = 0 (the ultrastatic Ellis throat)
clmScalarQ	5	5		def	single_drainhole	{"quantity": "Q"}	always ($Q=5$ for the pr || rm grav}|=(a^2+m^2)/m^2=5$ is the sca	closed form Q = (a^2+m^2)/m^2, a and m from the production params	2026-09-26	anchors re-cut 2026-09-24 (feedback edits)
clmScalarQRatio	3/2	1.5		def	single_drainhole	{"quantity": "Q_ratio"}	$(Q{+}1)/(Q{-}1)=3/2$ || $(Q+1)/(Q-1)=3/2$ || redicted $3/2$, so	closed form (Q+1)/(Q-1) at the production a, m; sign_rule.py Q = 5	2026-09-26	
clmSeedArealFactor	2	2		auto	single_seed_areal_factor	{}	a fraction ${\approx}2\varepsilon$	campaign/01_single_throat/seed/single_eps_{m,p}1e2_t100 and hold/single_hold_t100 areal_radius.dat at t = 0	2026-09-26	measured (R0(+eps) - R0(-eps)) / (2 eps R0(unkicked)) = 1.996 at eps = 1e-2, level 3
clmMergerSign	-1	-1		auto	param	{"run": "ctrl_flip_d12_csm", "key": "wormhole_phi_sign_B"}	and $\sigma=-1$ is the merger channel || and $\sigma=-1$ is the only gravity-driven merger channel || $\sigma=-1$, $d	campaign: ctrl_flip_d12_csm evolution_params.txt: wormhole_phi_sign_B	2026-10-06	2026-10-06 (validation C): re-pointed from the archived run to the packed ctrl_flip_d12_csm
clmPairSeparation	12	12		auto	single_pair_separation	{"run": "ctrl_rest_d12_csm"}	matched $d=12$ pairs || $d=12$ and $L	campaign: ctrl_rest_d12_csm	2026-10-06	2026-10-06 (validation C): re-pointed from the archived run to the packed ctrl_rest_d12_csm
# ---- numerical setup (sec:setup; Table I run counts are another area's; Table I caption parameters are here)
clmBoxL	64	64		def	param	{"run": "single_hold_t100", "key": "L"}	mPairSeparation$ and $L=64$ ( || in is a cube of side $L=64$ centred on || $\clmSpongeOuter$ at $L=64$ and $\clmS || x$ a production arm ($L=64$, $\clmBase || of our $L=64$ leve	campaign/01_single_throat/hold/single_hold_t100/evolution_params.txt	2026-10-06	production box; L=128 arms are stated where used; extra anchors: Table I caption, sec:setup:diagnostics (radiation), sec:cost; anchors re-cut 2026-09-24 (feedback edits)
clmBaseN	128	128		def	param	{"run": "single_hold_t100", "key": "N1"}	a $128^3$ base grid || $128^3$ base,	same params, N1	2026-09-26	extra anchor: sec:cost
clmTimeStepFactor	0.02	0.02		def	param	{"run": "single_hold_t100", "key": "dt_multiplier"}	time step is $\Delta t=0.02\,\Delta x$, || exVersion. At $\Delta t=0.02\,\Delta x$	same params, dt_multiplier	2026-09-26	extra anchors: sec:controls:systematics, sec:cost; anchors re-cut 2026-09-24 (feedback edits)
clmKOsigma	0.1	0.1		def	param	{"run": "single_hold_t100", "key": "sigma"}	dissipation $\sigma=0.1$	same params, sigma	2026-09-26	
clmShiftEta	1	1		def	param	{"run": "single_hold_t100", "key": "eta"}	with $\eta=1$, both started	same params, eta	2026-10-06	extra anchors: Fig. 9 caption (the standard gauge) and sec:spiral:wall (eta = 1 -> 4)
clmRegridSteps	16	16		def	param	{"run": "single_hold_t100", "key": "regrid_interval"}	re-drawn every $16$ steps	same params, regrid_interval (first value)	2026-09-26	
clmCczKappaOne	3	3		def	param	{"run": "single_hold_t100", "key": "kappa1"}	=(3,0,	same params, kappa1	2026-09-26	
clmCczKappaTwo	0	0		def	param	{"run": "single_hold_t100", "key": "kappa2"}		same params, kappa2	2026-09-26	NO ANCHOR: the only unique contexts of this 0, '=(3,0,' and ',0,1)', contain kappa1's 3 or kappa3's 1 (',0,' alone also occurs in (2,0,0)); place by hand, e.g. (\clmCczKappaOne{},\clmCczKappaTwo{},\clmCczKappaThree{})
clmCczKappaThree	1	1		def	param	{"run": "single_hold_t100", "key": "kappa3"}	1)$, $1{+}\log$ slicing	same params, kappa3	2026-09-26	
clmDxBase	0.5	0.5		def	single_grid	{"run": "single_hold_t100", "what": "dx0"}	3$ base grid ($\Delta x=0.5$). Nested b || $\Delta x=0.5/2^\el || $\Delta x=0.5$; $\c	same params: L / N1	2026-09-26	anchors re-cut 2026-09-24 (feedback edits)
clmFinestHalfWidth	4	4		def	single_grid	{"run": "single_hold_t100", "what": "half_width"}	(half-width $4$ per throat	same params: tagging_L 2^-(max_level+1); Source/Tagging/FixedGridsTagger.hpp tags |x| < tagging_L 2^-(l+2) on level l	2026-09-26	the params-file comment ('level 3 half-width tagging_L 2^-5 = 2.0') and ThroatTracker.hpp say 2: they count the tags ON level 3, which lay no level; the level-3 boxes come from the level-2 tags, half-width 64/16 = 4
clmProdLevels	three	3		def	param	{"run": "single_hold_t100", "key": "max_level"}	Production runs use three refinement levels || base, three refinement levels	same params, max_level	2026-09-26	extra anchor: sec:cost
clmFinestDx	1/16	0.0625		def	single_grid	{"run": "single_hold_t100", "what": "dx_finest"}	(finest $\Delta x=1/16$)	same params: L / N1 / 2^max_level	2026-09-26	
clmResArmsLevelLo	4	4		def	param	{"run": "single_hold_ml4_t100", "key": "max_level"}	go to levels $4$--	campaign/01_single_throat/hold/single_hold_ml4_t100/evolution_params.txt: max_level	2026-09-26	
clmResArmsLevelHi	7	7		def	param	{"run": "spiral_d6_p010_L128_lvl7from25_t060_lbf_csm_r02500", "key": "max_level"}	--$7$ where stated	campaign/05_binary_spiral/merger_d6/spiral_d6_p010_L128_lvl7from25_t060_lbf_csm_r02500/evolution_params.txt: max_level	2026-09-26	re-pointed 2026-10-06 from the archived superposed ladder_L7 to the d6 chain level-7 rung
clmBigBoxL	128	128		auto	param	{"run": "merge_orbit_flip_d12_p025_L128_lvl5_t100_lbf_csm", "key": "L"}	arms use $L=128$: the same cells	campaign: merge_orbit_flip_d12_p025_L128_lvl5_t100_lbf_csm evolution_params.txt: L	2026-10-06	2026-10-06 (validation C): re-pointed from the archived run to the packed merge_orbit_flip_d12_p025_L128_lvl5_t100_lbf_csm
clmSpongeInner	24	24		def	param	{"run": "single_hold_t100", "key": "sponge_inner_radius"}	of the half-width---$r=24$--$\clmSpon	campaign/01_single_throat/hold/single_hold_t100/evolution_params.txt: sponge_inner_radius	2026-09-26	anchors re-cut 2026-09-24 (feedback edits)
clmSpongeOuter	32	32		def	param	{"run": "single_hold_t100", "key": "sponge_outer_radius"}	--$r=\clmSpongeInner$--$32$ at $L=\clm	same params, sponge_outer_radius	2026-09-26	anchors re-cut 2026-09-24 (feedback edits)
clmSpongeStrength	4	4		def	param	{"run": "single_hold_t100", "key": "sponge_strength"}	$\sigma_{\rm sp}=4$	same params, sponge_strength	2026-09-26	
clmSpongePower	fourth	4		def	param	{"run": "single_hold_t100", "key": "sponge_ramp_power"}	as the fourth power of the depth	same params, sponge_ramp_power	2026-09-26	
clmChiFloor	10^{-8}	1e-8		def	param	{"run": "single_hold_t100", "key": "min_chi"}	$\chi\ge10^{-8}$ || twins at $10^{-8}$ and	same params, min_chi	2026-09-26	extra anchor: sec:controls:systematics (the clamp twins)
clmLapseFloor	10^{-10}	1e-10		def	param	{"run": "single_hold_t100", "key": "min_lapse"}	$\alpha\ge10^{-10}$	same params, min_lapse	2026-09-26	
clmChiFloorVariant	10^{-20}	1e-20		def	param	{"run": "single_hold_chireg_t100", "key": "min_chi"}	floors $\chi$ at $10^{-20}$ || and $10^{-20}$ re-converge	campaign/01_single_throat/hold/single_hold_chireg_t100/evolution_params.txt: min_chi	2026-09-26	extra anchor: sec:controls:systematics (the clamp twins)
clmChiRhsFloor	10^{-8}	1e-8		def	param	{"run": "single_hold_chireg_t100", "key": "chi_rhs_floor"}	applies $10^{-8}$ only where	campaign/01_single_throat/hold/single_hold_chireg_t100/evolution_params.txt: chi_rhs_floor	2026-09-26	
clmExtractRadiusTen	10	10		auto	param	{"run": "merge_headon_flip_d8_v1_L128_lvl5from0_scalar_chk_t100_csm", "key": "extraction_radii", "index": 0}	zone, on spheres at $R=10$-- || from $\Psi_4$ on spheres at $R=10$,	campaign: merge_headon_flip_d8_v1_L128_lvl5from0_scalar_chk_t100_csm evolution_params.txt: extraction_radii	2026-10-06	2026-10-06 (validation C): re-pointed from the archived run to the packed merge_headon_flip_d8_v1_L128_lvl5from0_scalar_chk_t100_csm
clmExtractRadiusFourteen	14	14		auto	param	{"run": "merge_headon_flip_d8_v1_L128_lvl5from0_scalar_chk_t100_csm", "key": "extraction_radii", "index": 1}	, $14$, $ || rol at $R=14$, car	campaign: merge_headon_flip_d8_v1_L128_lvl5from0_scalar_chk_t100_csm evolution_params.txt: extraction_radii	2026-10-06	2026-10-06 (validation C): re-pointed from the archived run to the packed merge_headon_flip_d8_v1_L128_lvl5from0_scalar_chk_t100_csm
clmExtractRadiusEighteen	18	18		auto	param	{"run": "merge_headon_flip_d8_v1_L128_lvl5from0_scalar_chk_t100_csm", "key": "extraction_radii", "index": 2}	$18$ (and	campaign: merge_headon_flip_d8_v1_L128_lvl5from0_scalar_chk_t100_csm evolution_params.txt: extraction_radii	2026-10-06	2026-10-06 (validation C): re-pointed from the archived run to the packed merge_headon_flip_d8_v1_L128_lvl5from0_scalar_chk_t100_csm
clmExtractRadiusTwentyTwo	22	22		def	param	{"run": "single_eps_p1e2_q5e3_ml4_t100", "key": "extraction_radii", "index": 3}	(and $22$ on the	campaign/01_single_throat/seed/single_eps_p1e2_q5e3_ml4_t100/evolution_params.txt: extraction_radii[3]	2026-09-26	the single-throat wave arms carry 10/14/18/22
clmExtractRadiusTwenty	20	20		auto	param	{"run": "merge_orbit_flip_d12_p025_L128_lvl5_t100_lbf_csm", "key": "extraction_radii", "index": 0}	at $R=20$, $	campaign: merge_orbit_flip_d12_p025_L128_lvl5_t100_lbf_csm evolution_params.txt: extraction_radii	2026-10-06	2026-10-06 (validation C): re-pointed from the archived run to the packed merge_orbit_flip_d12_p025_L128_lvl5_t100_lbf_csm
clmExtractRadiusTwentyEight	28	28		auto	param	{"run": "merge_orbit_flip_d12_p025_L128_lvl5_t100_lbf_csm", "key": "extraction_radii", "index": 1}	, $28$, $	campaign: merge_orbit_flip_d12_p025_L128_lvl5_t100_lbf_csm evolution_params.txt: extraction_radii	2026-10-06	2026-10-06 (validation C): re-pointed from the archived run to the packed merge_orbit_flip_d12_p025_L128_lvl5_t100_lbf_csm
clmExtractRadiusThirtySix	36	36		auto	param	{"run": "merge_orbit_flip_d12_p025_L128_lvl5_t100_lbf_csm", "key": "extraction_radii", "index": 2}	, $36$, $	campaign: merge_orbit_flip_d12_p025_L128_lvl5_t100_lbf_csm evolution_params.txt: extraction_radii	2026-10-06	2026-10-06 (validation C): re-pointed from the archived run to the packed merge_orbit_flip_d12_p025_L128_lvl5_t100_lbf_csm
clmExtractRadiusFortyFour	44	44		auto	param	{"run": "merge_orbit_flip_d12_p025_L128_lvl5_t100_lbf_csm", "key": "extraction_radii", "index": 3}	RadiusThirtySix$, $44$ on every $L=	campaign: merge_orbit_flip_d12_p025_L128_lvl5_t100_lbf_csm evolution_params.txt: extraction_radii	2026-10-06	2026-10-06 (validation C): re-pointed from the archived run to the packed merge_orbit_flip_d12_p025_L128_lvl5_t100_lbf_csm
clmShapeSystLone	3	3		auto	expr	{"formula": "max(a,b,c,d,e,f,g)", "a": {"fn": "single_mms_excess", "run": "single_eps_p1e2_t100", "kind": "max", "centre": "A"}, "b": {"fn": "single_mms_excess", "run": "single_eps_p1e3_t100", "kind": "max", "centre": "A"}, "c": {"fn": "single_mms_excess", "run": "single_eps_p1e2_q1e2_t100", "kind": "max", "centre": "A"}, "d": {"fn": "single_mms_excess", "run": "single_eps_p1e2_q5e3_ml4_t100", "kind": "max", "centre": "A"}, "e": {"fn": "single_mms_excess", "run": "single_eps_p1e2_q5e2_ml4_t100", "kind": "max", "centre": "A"}, "f": {"fn": "single_mms_excess", "run": "single_pureq_q1e2_ml4_t100", "kind": "max", "centre": "A"}, "g": {"fn": "single_mms_excess", "run": "single_eps_p1e2_q1e2_ml4_scalar_t100", "kind": "max", "centre": "A"}}	ceeds $R/2$ by at most $3\%$ about a	horizon_scan.dat (centre A, the throat-centred scan) of the seven perturbative collapse arms: single_eps_p1e2_t100, single_eps_p1e3_t100, single_eps_p1e2_q1e2_t100, single_eps_p1e2_q5e3_ml4_t100, single_eps_p1e2_q5e2_ml4_t100, single_pureq_q1e2_ml4_t100, single_eps_p1e2_q1e2_ml4_scalar_t100	2026-09-26	2026-09-24 FINDINGS fix: replaces the untraced '~13 % once settled'. Worst 100 (2 M_MS/R - 1): 2.84 % (the pure quadrupole); the eps = +-0.1 arms read 0.13/0.45 %. The coarse common-centre scan C reads 4.7-15.3 % on the same arms, but it is not the instrument the single-throat figures use; anchors re-cut 2026-09-24 (feedback edits)
clmFlowFinderLmax	6	6		manual			$\ell_{\max}=6$ on the head-on slices	GPU_PLAN.md '### R0 VERDICT (2026-09-21, ~07:20)': flow finder runs at lmax 4/6/8; grteclyn-wrapper/scripts/validation/ah_flow_finder.py --lmax (default 4)		a finder setting, not a packed run parameter; anchors re-cut 2026-09-24 (feedback edits)
clmFlowFinderLmaxAlt	8	8		manual			$\ell_{\max}=8$ on the orbital	as clmFlowFinderLmax; the production-chain t = 55.0 surface converged at lmax 8 (sec:spiral:inspiral)		
clmFlowFinderSchw	0.24	0.24		auto	single_flow_selftest	{"what": "schw_R"}	($R=2M$ to $0.24\%$, $M_{\rm MS}	campaign/05_binary_spiral/flow_finder_selftest.log (ah_flow_finder.py --analytic all, re-run 2026-09-24)	2026-09-26	2026-09-24 FINDINGS fix: worst of the six Schwarzschild cases (seed r0 = 0.8 at lmax 4: R = 0.9976); the best cases read 0.01-0.03 %, where the old untraced '0.03 %' came from
clmFlowFinderSchwMass	0.12	0.12		auto	single_flow_selftest	{"what": "schw_M"}	$M_{\rm MS}=M$ to $0.12\%$) and finds	campaign/05_binary_spiral/flow_finder_selftest.log	2026-09-26	2026-09-24 FINDINGS fix: M_MS = 0.4994 at lmax 4 (0.4996 at lmax 0) against M = 0.5
clmPsiPipelines	0.4	0.408		auto	mergers_pipeline_peak	{"run": "merge_headon_flip_d8_v1_L128_lvl5from0_scalar_chk_t100_csm", "radii": [10, 14, 18], "lo": 20, "hi": 70}	burst peak to $0.4\%$	campaign/04_binary_headon/*/merge_headon_flip_d8_v1_L128_lvl5from0_scalar_chk_t100_csm: Weyl4_mode_20.dat (in-code) vs psi4_mode_l2m0.dat (offline)	2026-10-06	2026-10-06 (validation A9): re-pointed from the archived superposed head-on; 0.13/0.06/0.41 % at R = 10/14/18
# ---- the single wormhole: fixed point and unstable mode (sec:single:fixedpoint, sec:single:instability, Fig. 1)
clmHoldTimeLevelThree	35	35		auto	single_hold_time	{"run": "single_hold_t100", "threshold": 0.001}	\%$ for $35$ time units at level 3 || against $35$ at $m=	campaign/01_single_throat/hold/single_hold_t100/areal_radius.dat; BRANCHES.md Sec. 4 (plot_branches.crossing, reference R(0))	2026-09-26	|R/R0 - 1| first exceeds 0.1 % at t = 35.27 (R0 = the run's own t = 0 reading, as BRANCHES.md); against the closed-form R_star the crossing is t = 35.58; extra anchor: sec:pair:placement
clmHoldTolLevelThree	0.1	0.1		auto	single_max_dev	{"run": "single_hold_t100", "t1": 35}	star=\clmRstar$ to $0.1\%$ for	campaign/01_single_throat/hold/single_hold_t100/areal_radius.dat	2026-09-26	max |R/R0 - 1| over t <= 35 = 0.089 %; extra anchor: sec:pair:placement
clmHoldTimeOnePct	44	44		auto	single_hold_time	{"run": "single_hold_t100", "threshold": 0.01}	until $t\simeq44$	campaign/01_single_throat/hold/single_hold_t100/areal_radius.dat; BRANCHES.md Sec. 4	2026-09-26	t = 44.23
clmHoldTolOnePct	1	1		auto	single_max_dev	{"run": "single_hold_t100", "t1": 44}	and to $1\%$ until	campaign/01_single_throat/hold/single_hold_t100/areal_radius.dat	2026-09-26	max |R/R0 - 1| over t <= 44 = 0.95 %
clmLevelFourDigits	four	4	abs:0.5	auto	single_dev_at	{"run": "single_hold_ml4_t100", "t": 30, "digits": true}	exact to four digits at $t=30$	campaign/01_single_throat/hold/single_hold_ml4_t100/areal_radius.dat	2026-09-26	-log10 |R(30)/R_star - 1| = 3.81 (R(30) = 3.89015 against 3.88955)
clmOnsetShiftLo	5.6	5.6		auto	single_onset_shift	{"kind": "min"}	by $5.6$--	campaign/01_single_throat/hold/{single_hold_t100,single_hold_ml4_t100}/areal_radius.dat; BRANCHES.md Sec. 4	2026-09-26	level 3 -> 4 delay of the 1e-3 / 1e-2 / 1e-1 crossings: 5.58 / 8.67 / 7.94
clmOnsetShiftHi	8.7	8.7		auto	single_onset_shift	{"kind": "max"}	--$8.7$ units per halving	as clmOnsetShiftLo	2026-09-26	
clmLevelTwoDeath	24.2	24.2		auto	last_time	{"run": "single_hold_ml2_t100", "file": "constraint_norms.dat"}	origin failure at $t=24.2$	campaign/01_single_throat/hold/single_hold_ml2_t100/constraint_norms.dat (last row, the NaN step)	2026-09-26	t = 24.17 (h11 NaN on level 2, registry)
clmLevelTwoDev	0.12	0.12		auto	single_dev_at	{"run": "single_hold_ml2_t100"}	still exact to $0.12\%$	campaign/01_single_throat/hold/single_hold_ml2_t100/areal_radius.dat (last reading, t = 23)	2026-09-26	R(23) = 3.89420 against the closed-form 3.88955: +0.120 %
clmHalfMassM	0.5	0.5		def	param	{"run": "single_m05_t040", "key": "wormhole_drainhole_mass_A"}	level 3 the $m=0.5$ throat holds	campaign/01_single_throat/hold/single_m05_t040/evolution_params.txt	2026-09-26	extra anchor: sec:headon:halfmass (the lone control); also quoted in the detector/discussion sections (merged from clmDetKnobHalfMassM, 2026-09-24)
clmHalfMassHoldTol	0.1	0.1		auto	single_max_dev	{"run": "single_m05_t040", "t1": 17}	holds $0.1\%$ only to	campaign/01_single_throat/hold/single_m05_t040/areal_radius.dat	2026-09-26	max |R/R0 - 1| over t <= 17 = 0.077 %
clmHalfMassHoldTime	17	17		auto	single_hold_time	{"run": "single_m05_t040", "threshold": 0.001}	only to $t\approx17$	campaign/01_single_throat/hold/single_m05_t040/areal_radius.dat	2026-09-26	t = 17.41 against its own R0 = 2.87173 (the m = 0.5 closed form)
clmHalfMassDeath	26.3	26.3		auto	last_time	{"run": "single_m05_t040", "file": "constraint_norms.dat"}	dies at its origin at $t=26.3$	campaign/01_single_throat/hold/single_m05_t040/constraint_norms.dat (last row)	2026-09-26	t = 26.27 (K NaN, registry 26.28); extra anchor: sec:headon:halfmass
clmTauLevelThree	5.12	5.12		auto	single_efold	{"run": "single_hold_t100", "t0": 40, "t1": 50}	$\tau=5.12/ || give $\tau=5.12$ (level 3)	campaign/01_single_throat/hold/single_hold_t100/areal_radius.dat; extract_single.single_efold: least-squares ln|R - R(0)| over t = 40-50 (|R/R0 - 1| 0.4-2.9 %)	2026-09-26	5.119; small-amplitude fit since 2026-10-06 (validation A10): the plateau over centres t = 49-61 (5.875) reaches 19 % deviation, where the collapse slows
clmTauLevelFour	5.23	5.23		auto	single_efold	{"run": "single_hold_ml4_t100", "t0": 40, "t1": 60}	/5.23$ at levels 3/4 || and $5.23$ (level 4)	campaign/01_single_throat/hold/single_hold_ml4_t100/areal_radius.dat; extract_single.single_efold over t = 40-60 (|R/R0 - 1| 0.1-3.9 %)	2026-09-26	5.228; was the plateau 5.259 (validation A10, 2026-10-06)
clmTauFitDev	4	4		auto	expr	{"formula": "max(a,b)", "a": {"fn": "single_max_dev", "run": "single_hold_t100", "t0": 40, "t1": 50}, "b": {"fn": "single_max_dev", "run": "single_hold_ml4_t100", "t0": 40, "t1": 60}}	fits below $4\%$ deviation	largest |R/R(0) - 1| inside the two small-amplitude fit windows (single_hold_t100 t = 40-50: 2.88 %; single_hold_ml4_t100 t = 40-60: 3.86 %)		added 2026-10-06 (validation A10)
clmTauRounded	5.2	5.2		auto	expr	{"formula": "max(a,b)", "a": {"fn": "single_efold", "run": "single_hold_t100"}, "b": {"fn": "single_efold", "run": "single_hold_ml4_t100"}}	--$5.2$ in isolation. An	the larger of clmTauLevelThree / clmTauLevelFour at two figures	2026-09-26	5.228 (level 4): the TOP of the range Sec. X.A prints ('tau = lo--hi in isolation'); since 2026-10-06 (A10) level 3 is the shorter e-fold, so this row is the max, no longer the level-3 value; Table IV prints clmTauLevelThree
clmTauLevelFourRounded	5.1	5.1		auto	expr	{"formula": "min(a,b)", "a": {"fn": "single_efold", "run": "single_hold_t100"}, "b": {"fn": "single_efold", "run": "single_hold_ml4_t100"}}	ith $\tau=5.1$--$\c	the smaller of clmTauLevelThree / clmTauLevelFour at two figures	2026-09-26	5.119 (level 3): the BOTTOM of the Sec. X.A range; min since 2026-10-06 (A10), despite the name
clmProperEfoldThree	0.76	0.76		auto	single_proper_efold	{"run": "single_hold_t100"}	/R_\star=0.76$ and || $\tau\alpha_{\rm th}=0.76$	tau (clmTauLevelThree, small amplitude) x alpha_th / R_star, closed form at the production a, m	2026-09-26	T = 0.7566 (2026-10-06 A10; was 0.8684 from the plateau)
clmProperEfoldFour	0.77	0.77		auto	single_proper_efold	{"run": "single_hold_ml4_t100"}	and $0.77$, where || --$0.77\,R_\star$	as clmProperEfoldThree	2026-09-26	T = 0.7728 (2026-10-06 A10; was 0.7772)
clmThroatLapse	0.575	0.575		def	single_drainhole	{"quantity": "alpha_th"}	=e^{u(r_t)}=0.575$	closed form e^{u(r_t)} at the production a, m	2026-09-26	0.57489
clmGgsMassless	0.846	0.846		lit			their Table~I spans $T=0.846$ at the mas	Gonzalez, Guzman & Sarbach, Class. Quantum Grav. 26, 015010 (2009) [arXiv:0806.0608v2], Table I (p. 10): T := tau_unstable/r_throat = 0.846 at gamma_1 = 0, tau the proper time at the throat and r_throat its areal radius (Sec. IV), i.e. this paper's T = tau alpha_th/R_*; also T_TABULATED in results/merger/analysis/single_throat_instability.py		anchors re-cut 2026-09-24 (feedback edits)
clmGgsMassive	0.590	0.590		lit			end to $0.590$	as clmGgsMassless: Table I gives T = 0.590 for gamma_1 = 8.0-10.0, and Sec. IV / Fig. 1: 'T converges to the value of 0.590 as gamma_1 -> infinity' (analytic limit 1/beta-hat = 0.588)		
clmGgsAgreement	0.2	0.2		auto	single_ggs_excess	{"runs": ["single_hold_t100"], "t_ggs": 0.758357}	to $0.2\%$ at level 3	|T / T_lin - 1| of the level-3 small-amplitude T against the parameter-matched linear T = 0.758357 (grteclyn-wrapper/scripts/analysis/merger_feedback/linear_mode.py)	2026-09-26	0.23 % (T 0.7566, shorter than T_lin); was 15 from the plateau T (validation A10, 2026-10-06)
clmCrossingMean	13.0	13.0		auto	single_pair_crossing_mean	{"pairs": [["single_eps_m1e2_t100", "single_eps_p1e2_t100"], ["single_eps_m1e3_t100", "single_eps_p1e3_t100"]]}	cross at $t_\times\simeq13.0$ || $\varepsilon$-independent $t_\times\simeq13.0$	campaign/01_single_throat/seed/single_eps_{m,p}1e{2,3}_t100/areal_radius.dat; plot_seed_branches (pair crossing)	2026-09-26	the +-1e-2 and +-1e-3 pairs cross at t = 13.007 and 13.036
clmKickThreeDeath	40.1	40.1		auto	last_time	{"run": "single_eps_p1e3_t100", "file": "constraint_norms.dat"}	compactified origin, $t=40.1$ ($+10^{-3} || he $+10^{-3}$ arm at $t=40.1$, before th || epsilon=+10^{-3}$ at $t=40.1$, $\clmKick	campaign/01_single_throat/seed/single_eps_p1e3_t100/constraint_norms.dat (last row)	2026-09-26	t = 40.07; anchors re-cut 2026-09-24 (feedback edits)
clmKickThreeLead	15	15	abs:1	auto	expr	{"formula": "d-m", "d": {"fn": "last_time", "run": "single_eps_p1e3_t100", "file": "constraint_norms.dat"}, "m": {"fn": "single_mots", "run": "single_eps_p1e3_t100", "what": "first_time"}}	$15$ units after its horizon forms	campaign/01_single_throat/seed/single_eps_p1e3_t100/{constraint_norms.dat,horizon_scan.dat}	2026-09-26	2026-09-24 FINDINGS fix: 40.07 - 25.0 (first MOTS row on the throat-centred scan, unit cadence, so +-1)
clmDressedDeathLevelThree	27.6	27.6		auto	last_time	{"run": "single_eps_p1e2_q1e2_t100", "file": "constraint_norms.dat"}	at $t=27.6$, $	campaign/01_single_throat/seed/single_eps_p1e2_q1e2_t100/constraint_norms.dat (last row; NaN in run_tail.log)	2026-09-26	2026-09-24 FINDINGS fix: 27.58; its checkpointed twin single_eps_p1e2_q1e2_chk_t100 dies at the same time. The level-4 eps_2 = 1e-2 restart (single_eps_p1e2_q1e2_ml4_t100_r02500) passes it, stopping at t = 51.9 with no NaN
clmDressedLeadLevelThree	14	14	abs:1	auto	expr	{"formula": "d-m", "d": {"fn": "last_time", "run": "single_eps_p1e2_q1e2_t100", "file": "constraint_norms.dat"}, "m": {"fn": "single_mots", "run": "single_eps_p1e2_q1e2_t100", "what": "first_time"}}	$14$ after)	campaign/01_single_throat/seed/single_eps_p1e2_q1e2_t100/{constraint_norms.dat,horizon_scan.dat}	2026-09-26	27.58 - 14.0 (first MOTS row, unit cadence)
clmCeilingHamLo	3	3		auto	single_norm_ratio_over	{"pairs": [["single_eps_p1e1_t100", "single_eps_p1e2_t100"], ["single_eps_m1e1_t100", "single_eps_m1e2_t100"]], "col": "L2_Ham", "t": 0, "kind": "min"}	epsilon=\pm0.1$ starts $3$--$\clmCeil || Hamiltonian defect is $3$--$\clmCeil	campaign/01_single_throat/seed/single_eps_*1e{1,2}_t100/constraint_norms.dat at t = 0	2026-09-26	H(0) of the eps = +-0.1 arms over the same-sign 1 % arm: 3.23 (+), 5.52 (-); anchors re-cut 2026-09-24 (feedback edits)
clmCeilingHamHi	6	6		auto	single_norm_ratio_over	{"pairs": [["single_eps_p1e1_t100", "single_eps_p1e2_t100"], ["single_eps_m1e1_t100", "single_eps_m1e2_t100"]], "col": "L2_Ham", "t": 0, "kind": "max"}	--$6\times$ high || --$6\times$ that of	as clmCeilingHamLo	2026-09-26	5.52 (eps = -0.1 over -0.01)
clmCeilingDeathPlus	14.1	14.1		auto	last_time	{"run": "single_eps_p1e1_t100", "file": "constraint_norms.dat"}	eeDeath$ ($+10^{-3}$), $14.1$ ($+0.1$) a || compactified origin ($t=14.1$ and $\clmC	campaign/01_single_throat/seed/single_eps_p1e1_t100/constraint_norms.dat (last row)	2026-09-26	t = 14.06 (NOTES.md: NaN at 14.07); anchors re-cut 2026-09-24 (feedback edits)
clmCeilingDeathMinus	15.2	15.2		auto	last_time	{"run": "single_eps_m1e1_t100", "file": "constraint_norms.dat"}	eathPlus$ ($+0.1$) and $15.2$ ($-0.1$). || mCeilingDeathPlus$ and $15.2$, NaN in $h	campaign/01_single_throat/seed/single_eps_m1e1_t100/constraint_norms.dat (last row)	2026-09-26	t = 15.17; anchors re-cut 2026-09-24 (feedback edits)
# ---- branching and the clock (sec:single:branching, sec:single:lifetime, Table II)
clmMatchedDelayLo	11	11		auto	single_matched_delay	{"big": "single_eps_p1e2_t100", "small": "single_eps_p1e3_t100", "levels": [3.7, 3.6, 3.5, 3.4, 3.3, 3.2, 3.1], "kind": "min"}	arrives $11$--	campaign/01_single_throat/seed/single_eps_p1e{2,3}_t100/horizon_scan.dat (centre A)	2026-09-26	delay of the +1e-3 horizon behind the +1e-2 one at R_mots = 3.7 ... 3.1: 11.04 -> 12.17 (NOTES.md 11.0 -> 12.2); at R = 3.8, 0.01 inside the +1e-3 horizon's birth radius, it is 9.9
clmMatchedDelayHi	12	12		auto	single_matched_delay	{"big": "single_eps_p1e2_t100", "small": "single_eps_p1e3_t100", "levels": [3.7, 3.6, 3.5, 3.4, 3.3, 3.2, 3.1], "kind": "max"}	--$12$ units later	as clmMatchedDelayLo	2026-09-26	12.17 at R = 3.1
clmHorizonTimeLevelFour	11	11		auto	single_mots	{"run": "single_eps_p1e2_ml4_t060", "what": "first_time"}	forms a horizon at $t=11$ and	campaign/01_single_throat/seed/single_eps_p1e2_ml4_t060/horizon_scan.dat (first MOTS row)	2026-09-26	R_mots = 3.883 at t = 11 (the run stops at t = 13.5)
clmCrossingLevelFour	12.99	12.99		auto	single_pair_crossing	{"minus": "single_eps_m1e2_ml4_t060", "plus": "single_eps_p1e2_ml4_t060"}	crossing at $t=12.99$	campaign/01_single_throat/seed/single_eps_{m,p}1e2_ml4_t060/areal_radius.dat	2026-09-26	
clmCrossingLevelThree	13.01	13.01		auto	single_pair_crossing	{"minus": "single_eps_m1e2_t100", "plus": "single_eps_p1e2_t100"}	against level 3's $13.01$	campaign/01_single_throat/seed/single_eps_{m,p}1e2_t100/areal_radius.dat	2026-09-26	t = 13.007
clmHorizonTimeEpsTwo	11	11		auto	single_mots	{"run": "single_eps_p1e2_t100", "what": "first_time"}	horizons form at $t=11$ || Intermediate seeds follow $t_{\rm BH}\simeq11\,M || tab:scales}, $t_{\rm BH}\simeq11\,M	campaign/01_single_throat/seed/single_eps_p1e2_t100/horizon_scan.dat (first MOTS row, unit cadence)	2026-09-26	R_mots 3.883, M_MS 1.942; extra anchor: Table II caption
clmHorizonTimeEpsThree	25	25		auto	single_mots	{"run": "single_eps_p1e3_t100", "what": "first_time"}	and $t=25$ ($+10^{-3}$)	campaign/01_single_throat/seed/single_eps_p1e3_t100/horizon_scan.dat (first MOTS row)	2026-09-26	R_mots 3.812
clmHorizonRadiusEpsTwo	3.88	3.88		auto	single_mots	{"run": "single_eps_p1e2_t100", "what": "first_R"}	horizons form at $R=3.88$ and	campaign/01_single_throat/seed/single_eps_p1e2_t100/horizon_scan.dat (first MOTS row, centre A)	2026-09-27	added 2026-09-27: sec:single:critical, the type-I mass gap (R_mots 3.883 at t = 11)
clmHorizonRadiusEpsThree	3.81	3.81		auto	single_mots	{"run": "single_eps_p1e3_t100", "what": "first_R"}	$ and $3.81$, both close to	campaign/01_single_throat/seed/single_eps_p1e3_t100/horizon_scan.dat (first MOTS row, centre A)	2026-09-27	added 2026-09-27: sec:single:critical (R_mots 3.812 at t = 25)
clmHorizonTimeNoise	61	61		auto	single_shell_mots_times	{"prefix": "ml3"}	against $t\le61$ for	campaign/01_single_throat/branch_shell_scans_2026-09-08.dat (ml3_twin_t061, the first kept slice after departure); BRANCHES.md Sec. 5	2026-09-26	an upper bound: the first scanned slice already holds a MOTS
clmDecadeCost	14	14		auto	single_decade_cost	{}		clmHorizonTimeEpsThree - clmHorizonTimeEpsTwo	2026-09-26	25 - 11 (first-MOTS rows); no longer quoted since 2026-10-06 (A10): the text's decade cost is the matched-radius delay clmMatchedDelayLo-Hi (11-12 M), which tau ln 10 = 11.8 M matches
clmNoiseSeed	6\times10^{-7}	6e-7		auto	single_noise_seed	{}	truncation seed at $\varepsilon\gtrsim6\times10^{-7}$	1e-2 exp(-(61 - 11)/tau), tau = 5.119 (clmTauLevelThree, small amplitude)	2026-09-26	5.73e-7 (2026-10-06 A10; 2.0e-6 with the plateau tau)
clmQuietLifetime	19	19		auto	single_quiet_lifetime	{"mass_msun": 30, "eps": 1e-12}	to $19$ ms	Table IV caption's t_BH = 11 M + tau ln(1e-2/eps) at eps = 1e-12 (ten decades below 1e-2), tau = 5.119 M (clmTauLevelThree, unrounded), M = 30 M_sun	2026-09-26	19.04 ms (2026-10-06 A10; 22 with the plateau tau 5.9)
clmPhysRstarThirty	172	172		auto	single_physical	{"quantity": "Rstar", "mass_msun": 30, "unit": "km"}	$172$ km	clmRstar (closed form) x G M/c^2; M = 30 M_sun; G M_sun = 1.3271244e20 m^3/s^2 (IAU 2015), 1 AU = 1.495978707e8 km	2026-09-26	
clmPhysRstarThousand	5.7\times10^{3}	5.7e3		auto	single_physical	{"quantity": "Rstar", "mass_msun": 1000.0, "unit": "km"}	$5.7\times10^{3}$ km	clmRstar (closed form) x G M/c^2; M = 1000 M_sun; G M_sun = 1.3271244e20 m^3/s^2 (IAU 2015), 1 AU = 1.495978707e8 km	2026-09-26	
clmPhysRstarMillion	5.7\times10^{6}	5.7e6		auto	single_physical	{"quantity": "Rstar", "mass_msun": 1000000.0, "unit": "km"}	$5.7\times10^{6}$ km	clmRstar (closed form) x G M/c^2; M = 1e+06 M_sun; G M_sun = 1.3271244e20 m^3/s^2 (IAU 2015), 1 AU = 1.495978707e8 km	2026-09-26	
clmPhysRstarBillion	38	38		auto	single_physical	{"quantity": "Rstar", "mass_msun": 1000000000.0, "unit": "AU"}	$38$ AU	clmRstar (closed form) x G M/c^2; M = 1e+09 M_sun; G M_sun = 1.3271244e20 m^3/s^2 (IAU 2015), 1 AU = 1.495978707e8 km	2026-09-26	
clmPhysTauThirty	0.76	0.76		auto	single_physical	{"quantity": "tau", "mass_msun": 30, "unit": "ms"}	$0.76$ ms	clmTauLevelThree (5.119 M, unrounded) x G M/c^3; M = 30 M_sun; G M_sun = 1.3271244e20 m^3/s^2 (IAU 2015)	2026-09-26	0.756
clmPhysTauThousand	25	25		auto	single_physical	{"quantity": "tau", "mass_msun": 1000.0, "unit": "ms"}	$25$ ms	clmTauLevelThree (5.119 M, unrounded) x G M/c^3; M = 1000 M_sun	2026-09-26	25.2
clmPhysTauMillion	25	25		auto	single_physical	{"quantity": "tau", "mass_msun": 1000000.0, "unit": "s"}	$25$ s	clmTauLevelThree (5.119 M, unrounded) x G M/c^3; M = 1e6 M_sun	2026-09-26	25.2
clmPhysTauBillion	7.0	7.0		auto	single_physical	{"quantity": "tau", "mass_msun": 1000000000.0, "unit": "h"}	$7.0$ h	clmTauLevelThree (5.119 M, unrounded) x G M/c^3; M = 1e9 M_sun	2026-09-26	7.00 h
clmPhysEpsTwoThirty	1.6	1.6		auto	single_physical	{"quantity": "t_eps2", "mass_msun": 30, "unit": "ms"}	$1.6$ ms & || from $1.6$ to	clmHorizonTimeEpsTwo (11 M) x G M/c^3; M = 30 M_sun; G M_sun = 1.3271244e20 m^3/s^2 (IAU 2015), 1 AU = 1.495978707e8 km	2026-09-26	extra anchor: sec:single:lifetime ('from 1.6 to 22 ms')
clmPhysEpsTwoThousand	54	54		auto	single_physical	{"quantity": "t_eps2", "mass_msun": 1000.0, "unit": "ms"}	$54$ ms	clmHorizonTimeEpsTwo (11 M) x G M/c^3; M = 1000 M_sun; G M_sun = 1.3271244e20 m^3/s^2 (IAU 2015), 1 AU = 1.495978707e8 km	2026-09-26	
clmPhysEpsTwoMillion	54	54		auto	single_physical	{"quantity": "t_eps2", "mass_msun": 1000000.0, "unit": "s"}	$54$ s	clmHorizonTimeEpsTwo (11 M) x G M/c^3; M = 1e+06 M_sun; G M_sun = 1.3271244e20 m^3/s^2 (IAU 2015), 1 AU = 1.495978707e8 km	2026-09-26	
clmPhysEpsTwoBillion	15	15		auto	single_physical	{"quantity": "t_eps2", "mass_msun": 1000000000.0, "unit": "h"}	$15$ h	clmHorizonTimeEpsTwo (11 M) x G M/c^3; M = 1e+09 M_sun; G M_sun = 1.3271244e20 m^3/s^2 (IAU 2015), 1 AU = 1.495978707e8 km	2026-09-26	
clmPhysEpsThreeThirty	3.7	3.7		auto	single_physical	{"quantity": "t_eps3", "mass_msun": 30, "unit": "ms"}	$3.7$ ms	clmHorizonTimeEpsThree (25 M) x G M/c^3; M = 30 M_sun; G M_sun = 1.3271244e20 m^3/s^2 (IAU 2015), 1 AU = 1.495978707e8 km	2026-09-26	
clmPhysEpsThreeThousand	0.12	0.12		auto	single_physical	{"quantity": "t_eps3", "mass_msun": 1000.0, "unit": "s"}	$0.12$ s	clmHorizonTimeEpsThree (25 M) x G M/c^3; M = 1000 M_sun; G M_sun = 1.3271244e20 m^3/s^2 (IAU 2015), 1 AU = 1.495978707e8 km	2026-09-26	
clmPhysEpsThreeMillion	2.1	2.1		auto	single_physical	{"quantity": "t_eps3", "mass_msun": 1000000.0, "unit": "min"}	$2.1$ min	clmHorizonTimeEpsThree (25 M) x G M/c^3; M = 1e+06 M_sun; G M_sun = 1.3271244e20 m^3/s^2 (IAU 2015), 1 AU = 1.495978707e8 km	2026-09-26	
clmPhysEpsThreeBillion	1.4	1.4		auto	single_physical	{"quantity": "t_eps3", "mass_msun": 1000000000.0, "unit": "d"}	$1.4$ d	clmHorizonTimeEpsThree (25 M) x G M/c^3; M = 1e+09 M_sun; G M_sun = 1.3271244e20 m^3/s^2 (IAU 2015), 1 AU = 1.495978707e8 km	2026-09-26	
clmPhysNoiseThirty	9.0	9.0		auto	single_physical	{"quantity": "t_noise", "mass_msun": 30, "unit": "ms"}	$9.0$ ms	clmHorizonTimeNoise (61 M) x G M/c^3; M = 30 M_sun; G M_sun = 1.3271244e20 m^3/s^2 (IAU 2015), 1 AU = 1.495978707e8 km	2026-09-26	
clmPhysNoiseThousand	0.30	0.30		auto	single_physical	{"quantity": "t_noise", "mass_msun": 1000.0, "unit": "s"}	$0.30$ s	clmHorizonTimeNoise (61 M) x G M/c^3; M = 1000 M_sun; G M_sun = 1.3271244e20 m^3/s^2 (IAU 2015), 1 AU = 1.495978707e8 km	2026-09-26	
clmPhysNoiseMillion	5.0	5.0		auto	single_physical	{"quantity": "t_noise", "mass_msun": 1000000.0, "unit": "min"}	$5.0$ min	clmHorizonTimeNoise (61 M) x G M/c^3; M = 1e+06 M_sun; G M_sun = 1.3271244e20 m^3/s^2 (IAU 2015), 1 AU = 1.495978707e8 km	2026-09-26	
clmPhysNoiseBillion	3.5	3.5		auto	single_physical	{"quantity": "t_noise", "mass_msun": 1000000000.0, "unit": "d"}	$3.5$ d	clmHorizonTimeNoise (61 M) x G M/c^3; M = 1e+09 M_sun; G M_sun = 1.3271244e20 m^3/s^2 (IAU 2015), 1 AU = 1.495978707e8 km	2026-09-26	
clmRstarShort	3.89	3.89		def	single_drainhole	{"quantity": "R_min"}	($R_{\min}=3.89$) || ($R_\star=3.89\,M$)	as clmRstar	2026-09-26	anchors: Table I and Table II captions
# ---- the collapse endpoint and the regrowth (sec:single:collapse, Figs. 2-3)
clmUnkickedHorizonRStart	3.23	3.23		auto	single_shell_scan	{"scan": "ml3_twin_t061", "key": "R_mots"}	falls $3.23\to	campaign/01_single_throat/branch_shell_scans_2026-09-08.dat (#S ml3_twin_t061: oriented shell scan of the kept plotfile)	2026-09-26	the level-3 chi-regularised twin (== single_hold_t100 to 1e-10 before t = 61.3, 4 digits after)
clmUnkickedHorizonREnd	2.37	2.37		auto	single_shell_scan	{"scan": "ml3_twin_t100", "key": "R_mots"}	\to2.37$ and	campaign/01_single_throat/branch_shell_scans_2026-09-08.dat (#S ml3_twin_t100)	2026-09-26	2.3720
clmUnkickedHorizonMStart	1.62	1.62		auto	single_shell_scan	{"scan": "ml3_twin_t061", "key": "M_MS_mots"}	$1.62\to	as clmUnkickedHorizonRStart	2026-09-26	1.6165
clmUnkickedHorizonMEnd	1.23	1.23		auto	single_shell_scan	{"scan": "ml3_twin_t100", "key": "M_MS_mots"}	\to1.23$ over	as clmUnkickedHorizonREnd	2026-09-26	1.2309
clmUnkickedHorizonSpan	39	39		auto	single_shell_mots_times	{"prefix": "ml3", "what": "span"}	over $39$ units	campaign/01_single_throat/branch_shell_scans_2026-09-08.dat	2026-09-26	2026-09-24 FINDINGS fix: the two scans are at t = 61 and t = 100 (BRANCHES.md says 40)
clmUnkickedOriginLapse	0.016	0.016		auto	single_collapse_diag	{"run": "single_hold_t100", "col": "min_lapse", "which": "last"}	origin lapse at $0.016$	campaign/01_single_throat/hold/single_hold_t100/collapse_diagnostics.dat (t = 100)	2026-09-26	0.01585
clmKickedRunsClean	100	100		auto	last_time	{"run": "single_eps_p1e2_t100", "file": "constraint_norms.dat"}	arm runs clean to $t=100$ behind	campaign/01_single_throat/seed/single_eps_p1e2_t100/constraint_norms.dat (last row; no NaN in run_tail.log)	2026-09-26	
clmMasslessBounce	4	4		lit			bounced at $t\approx4M$	N. M. Shirokov, arXiv:2604.00071 [gr-qc] (2026) (ref. shirokov2026), Sec. IV B (p. 5): 'At t ~= 4M ... initiating the phantom bounce'; Fig. 3 caption: the throat's areal radius 'rebounds at t ~= 4M'		
clmMasslessShed	18.5	18.5		lit			shed its horizon by $18.5M$	as clmMasslessBounce, Sec. IV B (p. 5) and Fig. 3 caption: 'By t ~= 18.5M' the shock 'obliterates the trapped surface entirely (r_AH abruptly drops to zero)'		
clmPureQuadAmp	10^{-2}	0.01		def	param	{"run": "single_pureq_q1e2_ml4_t100", "key": "wormhole_seed_l2_amplitude_A"}	($\varepsilon_2=10^{-2}$, no radial kick)	campaign/01_single_throat/seed/single_pureq_q1e2_ml4_t100/evolution_params.txt	2026-09-26	wormhole_seed_amplitude_A is absent (0): no radial kick
clmPureQuadAmpCaption	0.01	0.01		def	param	{"run": "single_pureq_q1e2_ml4_t100", "key": "wormhole_seed_l2_amplitude_A"}	($\varepsilon_2=0.01$, no radial kick)	as clmPureQuadAmp (Fig. 2 caption prints it as 0.01)	2026-09-26	
clmPureQuadMotsTime	33	33		auto	single_mots	{"run": "single_pureq_q1e2_ml4_t100", "what": "first_time"}	a MOTS from $t=33$ at || (gold) from $t=33$ to	campaign/01_single_throat/seed/single_pureq_q1e2_ml4_t100/horizon_scan.dat (centre A)	2026-09-26	
clmPureQuadMotsRStart	3.80	3.80		auto	single_mots	{"run": "single_pureq_q1e2_ml4_t100", "what": "first_R"}	at $R=3.80$, shrinking || $R$ $3.80\to	as clmPureQuadMotsTime	2026-09-26	3.796
clmPureQuadMotsREnd	2.50	2.50		auto	single_mots	{"run": "single_pureq_q1e2_ml4_t100", "what": "last_R", "t_max": 60}	shrinking to $2.50$ || \to2.50$, $M	campaign/01_single_throat/seed/single_pureq_q1e2_ml4_t100/horizon_scan.dat (centre A) at its trust window, t = 60 (trust_windows.tsv)	2026-09-26	2.4956 at t = 60; the t = 100 value 2.41 lies past the trust window (validation A12, 2026-10-06)
clmPureQuadMotsMStart	1.90	1.90		auto	single_mots	{"run": "single_pureq_q1e2_ml4_t100", "what": "first_M"}	($M_{\rm MS}$ $1.90 || , $M_{\rm MS}$ $1.90	as clmPureQuadMotsTime	2026-09-26	1.899
clmPureQuadMotsMEnd	1.25	1.25		auto	single_mots	{"run": "single_pureq_q1e2_ml4_t100", "what": "last_M", "t_max": 60}	\to1.25$), while || \to1.25$. Grey	as clmPureQuadMotsREnd	2026-09-26	1.2511 at t = 60 (A12; 1.240 at t = 100)
clmPureQuadTrust	60	60		auto	trust_window	{"run": "single_pureq_q1e2_ml4_t100"}	by $t=60$ ($M_{\rm MS} || to $60$: $R$ || its trust window, $t=60$)	results/merger/trust_windows.tsv (single_pureq_q1e2_ml4_t100)		added 2026-10-06 (validation A12)
clmGwKickedRadiusFloor	2.33	2.33		auto	single_mots	{"run": "single_eps_p1e2_q1e2_ml4_scalar_t100", "what": "floor_R"}	\to2.33$ at its floor	campaign/01_single_throat/seed/single_eps_p1e2_q1e2_ml4_scalar_t100/horizon_scan.dat (centre A): the MOTS radius minimum		2.334 at t = 47 (added 2026-10-06, validation C: 'settling 3.88 -> 2.54' hid the dip)
clmGwSingleAgreePct	3	3		manual			copy, to $3\%$ over	single_pureq_q1e2_ml4_scalar_t100 against its box-doubled copy single_pureq_q1e2_L128_ml4_scalar_t100, scalar_modes.dat l = 0 envelopes: <= 2.7 % over t = 50-80, 14-65 % before (validation 2026-10-06, C single throat)		added 2026-10-06
clmGwSingleAgreeFrom	50	50		manual			over $t=50$--$	as clmGwSingleAgreePct		added 2026-10-06
clmPureQuadDeparture	42	42		auto	single_departure	{"run": "single_pureq_q1e2_ml4_t100", "twin": "single_hold_ml4_t100"}	only at $t=42$	campaign/01_single_throat/seed/single_pureq_q1e2_ml4_t100 and hold/single_hold_ml4_t100 areal_radius.dat; plot_single_collapse (10 % departure)	2026-09-26	
clmCollapseViolentLo	45	45		manual			spans $t=45$--	plot_single_collapse.py SNAPS comment ('the collapse is 45-55'); panels (b)-(d) of Fig. 2		a descriptive window, no unique definition: in single_pureq_q1e2_ml4_t100/collapse_diagnostics.dat max|K| rises 0.019 (t = 44) -> 0.996 (t = 50), min chi floors at t = 48, min alpha falls 0.23 (48) -> 0.010 (56)
clmCollapseViolentHi	55	55		manual			--$55$. (e)	as clmCollapseViolentLo		
clmCollapseShells	128	128		auto	single_profile_shells	{"run": "single_pureq_q1e2_ml4_t100"}	over 128 shells	campaign/01_single_throat/seed/single_pureq_q1e2_ml4_t100/core_radial_profile.dat header	2026-09-26	
clmRegrowthFloorTime	47	47		auto	single_mots_over_runs	{"runs": ["single_eps_p1e2_t100", "single_eps_p1e2_q5e3_ml4_t100", "single_eps_p1e2_q5e2_ml4_t100"], "what": "floor_time", "kind": "median"}	dius to a floor at $t\approx47$; the regrowth th	campaign/01_single_throat/seed/{single_eps_p1e2_t100,single_eps_p1e2_q5e3_ml4_t100,single_eps_p1e2_q5e2_ml4_t100}/horizon_scan.dat (centre A); plot_horizon_regrowth	2026-09-26	radius floors at t = 47 / 47 / 43 (the eps_2 = 0.05 arm bottoms out at 43); anchors re-cut 2026-09-24 (feedback edits)
clmRegrowthLevelThree	9.7	9.7		auto	single_mots	{"run": "single_eps_p1e2_t100", "what": "regrowth_R"}		campaign/01_single_throat/seed/single_eps_p1e2_t100/horizon_scan.dat (centre A); plot_horizon_regrowth._gain	2026-09-26	9.748 % (2.33741 at t = 47 -> 2.56526 at t = 99); anchors re-cut 2026-09-24 (feedback edits); no longer quoted in research.tex (2026-09-25: the regrowth paragraph of sec:single:collapse shortened on the user's word, the range 9-11 % quoted instead); row kept for provenance
clmRegrowthEndR	2.57	2.57		auto	single_mots	{"run": "single_eps_p1e2_t100", "what": "last_R"}		as clmRegrowthLevelThree	2026-09-26	2.5653 at t = 99; no longer quoted in research.tex (2026-09-24 feedback edits); row kept for provenance
clmRegrowthSmallQuad	8.8	8.8		auto	single_mots	{"run": "single_eps_p1e2_q5e3_ml4_t100", "what": "regrowth_R"}		campaign/01_single_throat/seed/single_eps_p1e2_q5e3_ml4_t100/horizon_scan.dat (centre A)	2026-09-26	8.797 %; anchors re-cut 2026-09-24 (feedback edits); no longer quoted in research.tex (2026-09-25: the regrowth paragraph of sec:single:collapse shortened on the user's word, the range 9-11 % quoted instead); row kept for provenance
clmRegrowthLargeQuad	10.6	10.6		auto	single_mots	{"run": "single_eps_p1e2_q5e2_ml4_t100", "what": "regrowth_R"}		campaign/01_single_throat/seed/single_eps_p1e2_q5e2_ml4_t100/horizon_scan.dat (centre A)	2026-09-26	10.600 %; anchors re-cut 2026-09-24 (feedback edits); no longer quoted in research.tex (2026-09-25: the regrowth paragraph of sec:single:collapse shortened on the user's word, the range 9-11 % quoted instead); row kept for provenance
clmRegrowthMassLo	10	10		auto	single_mots_over_runs	{"runs": ["single_eps_p1e2_t100", "single_eps_p1e2_q5e3_ml4_t100", "single_eps_p1e2_q5e2_ml4_t100"], "what": "regrowth_M", "kind": "min"}		as clmRegrowthFloorTime (M_MS at the radius floor -> end)	2026-09-26	10.19 / 10.53 / 12.04 %; extra anchor: Fig. 3 caption; anchors re-cut 2026-09-24 (feedback edits); anchors dropped 2026-09-28: its figure (single_regrowth / fill_insensitivity) was wiped; the number lives in the ledger only
clmRegrowthMassHi	12	12		auto	single_mots_over_runs	{"runs": ["single_eps_p1e2_t100", "single_eps_p1e2_q5e3_ml4_t100", "single_eps_p1e2_q5e2_ml4_t100"], "what": "regrowth_M", "kind": "max"}		as clmRegrowthMassLo	2026-09-26	12.04 % (eps_2 = 0.05 arm); anchors re-cut 2026-09-24 (feedback edits); anchors dropped 2026-09-28: its figure (single_regrowth / fill_insensitivity) was wiped; the number lives in the ledger only
clmLoneRemnantHi	2.6	2.6		auto	single_mots_over_runs	{"runs": ["single_eps_p1e2_t100", "single_eps_p1e2_q5e3_ml4_t100", "single_eps_p1e2_q5e2_ml4_t100", "single_pureq_q1e2_ml4_t100"], "what": "last_R", "kind": "max"}		as clmLoneRemnantLo	2026-09-26	largest final radius 2.567 (eps_2 = 0.05 arm, t = 100); no longer quoted in research.tex (2026-09-24 feedback edits); row kept for provenance
# ---- the inflation branch (sec:single:fate, Fig. 4)
clmFourBoxL	512	512		def	param	{"run": "single_eps_m1e2_L512_ml5_oct_t400", "key": "L_full"}	of an $L=512$ box that c || {-2}$; $L=512$ octa || of an $L=512$ box with f || octant $L=512$ arm,	campaign/01_single_throat/seed/single_eps_m1e2_L512_ml5_oct_t400/evolution_params.txt (L_full; the run holds the octant [0, 256]^3)	2026-09-26	added 2026-09-26: F4 folded into Fig. single_inflation
clmFourLevel	5	5		def	param	{"run": "single_eps_m1e2_L512_ml5_oct_t400", "key": "max_level"}	$, so its 5 level	campaign/01_single_throat/seed/single_eps_m1e2_L512_ml5_oct_t400/evolution_params.txt (max_level; finest dx 1/16)	2026-09-26	
clmFourWall	218	218		manual			to $t=218$. (a) || by $t=218$, and stays || pass by $t=218$, and its	plot_single_inflation_L512.T_WALL and results/merger/trust_windows.tsv (F4's t_max): measured from the run's lapse slice cache (run tree frames/_slice_cache, not packed), the 1+log collapse front, moving out at ~1.36 per unit t, reaches the outer face x = 256 at t = 218 (the wall cell's alpha 0.02 below its t = 0 value)		two clocks agree: L2 Ham passes 0.1 at t = 220, the theta_k track is lost at t = 212; the paper's panels stop here
clmFourRStart	3.81	3.81		auto	single_f4	{"what": "R0"}	metric, $3.81\to || Hi$; $R_0=3.81$, the	campaign/01_single_throat/seed/single_eps_m1e2_L512_ml5_oct_t400/neck_horizons.dat (R_neck, R = r (h22 h33)^(1/4)/sqrt(chi), t = 0)	2026-09-26	3.8127
clmFourRWall	14.5	14.5		auto	single_f4	{"what": "R_wall"}	\to14.5$; gold	as clmFourRStart, at t = T_WALL (clmFourWall)	2026-09-26	14.480 at t = 218; one figure fewer than the onset numbers: grid noise grows on a layer just outside the neck from t ~ 120 (after it leaves level 3 at t = 113)
clmFourRRatio	3.8	3.8		auto	single_f4	{"what": "ratio"}	record, $\times3.8$ by	as clmFourRWall	2026-09-26	3.798; one figure fewer, as clmFourRWall
clmFourOnsetLo	16	16		auto	single_f4	{"what": "fit_t0"}	over $t=16$--	campaign/01_single_throat/seed/single_eps_m1e2_L512_ml5_oct_t400/neck_horizons.dat; plot_single_inflation_L512.onset_fit: the samples with R/R0 - 1 from 3 % to 30 % (ONSET)	2026-09-26	7 samples at the 2-u cadence; local e-fold 6.3 -> 5.6 -> 6.0 inside, 7.7-8.7 at t <= 12, 6.6 at 30 and 8.8 at 34 (the table the script prints)
clmFourOnsetHi	28	28		auto	single_f4	{"what": "fit_t1"}	--$28$; shaded	as clmFourOnsetLo	2026-09-26	
clmFourOnsetEfold	5.7	5.7		auto	single_f4	{"what": "efold"}	et, $\tau=5.7$ over	as clmFourOnsetLo: ln(R/R0 - 1) linear in t over the window, R = R0 (1 + A e^(t/T))	2026-09-26	5.687, A = 1.87e-3, rms 0.009 in ln(R/R0 - 1)
clmFourSHRate	1.22	1.22		auto	single_f4	{"what": "sh_rate"}	rate is $HR_0=1.22$ || ith $HR_0=1.22$ (loc	campaign/01_single_throat/seed/single_eps_m1e2_L512_ml5_oct_t400/neck_horizons.dat; plot_single_inflation_L512.sh_fit: one fit of ln(R/R0 - 1) against tau = int alpha_neck dt over the Shinkai-Hayward window (clmFourSHWinLo-Hi)	2026-09-26	1.2174 over 13 samples, tau = 9.21-20.26; replaced 1.24 (the old alpha_neck > alpha_0/2 window) on 2026-09-26
clmFourSHWinLo	16	16		auto	single_f4	{"what": "sh_t0"}	time ($t=16$--$\c	campaign/01_single_throat/seed/single_eps_m1e2_L512_ml5_oct_t400/neck_horizons.dat; plot_single_inflation_L512.sh_fit: the local H R0 = R0 d ln(R/R0 - 1)/d tau, smoothed over +-1 sample, peaks in the growth phase (R/R0 - 1 >= 0.02, t <= 80); the window runs both ways from the peak while it stays >= 1.0 (SH_GROWTH, SH_FLOOR)	2026-09-26	added 2026-09-26 (the user: 'place the line where we can quote shinkai'); tau = 9.21, R/R0 = 1.032, alpha_neck 0.567
clmFourSHWinHi	40	40		auto	single_f4	{"what": "sh_t1"}	--$40$, gold) || Until $t\approx40$ the	as clmFourSHWinLo	2026-09-26	tau = 20.26, R/R0 = 2.011, alpha_neck 0.228
clmFourSHLocalLo	1.0	1.0		auto	single_f4	{"what": "sh_local_lo"}	(local $1.0$-- || (locally $1.0$--	as clmFourSHWinLo: the smallest local H R0 inside the window	2026-09-26	1.028
clmFourSHLocalHi	1.3	1.3		auto	single_f4	{"what": "sh_local_hi"}	ocalLo$--$1.3$), ag || ocalLo$--$1.3$; $R_	as clmFourSHWinLo: the peak local H R0	2026-09-26	1.260 at t = 26
clmFourTauLate	5	5		auto	single_f4	{"what": "tau_late"}	only $\approx5$ units	campaign/01_single_throat/seed/single_eps_m1e2_L512_ml5_oct_t400/neck_horizons.dat: the neck's proper time int alpha_neck dt from the window's end (t = 40) to T_WALL	2026-09-26	5.38; 20.3 of it pass before t = 40
clmFourLapseStart	0.57	0.57		auto	single_f4	{"what": "alpha0"}	neck falls $0.57\to || neck ($0.57\to	campaign/01_single_throat/seed/single_eps_m1e2_L512_ml5_oct_t400/neck_horizons.dat (alpha_neck, t = 0)	2026-09-26	0.5711, the static throat's lapse at the neck
clmFourLapseEnd	0.015	0.015	abs:0.001	auto	single_f4	{"what": "alpha_wall"}	\to0.015$; dashed	campaign/01_single_throat/seed/single_eps_m1e2_L512_ml5_oct_t400/neck_horizons.dat (alpha_neck at t = T_WALL)	2026-09-26	0.01546 at t = 218; flat at 0.0146-0.0155 over t = 120-218 (1+log freezing the clock at the neck); 0.012 at t = 390, outside the trust window
clmSHMassless	1.1	1.1		lit			oat's $Ha=1.1$~\cit || $Ha\approx1.1$ for	Shinkai & Hayward, PRD 66, 044005 (2002) [gr-qc/0205041; ref. shinkai2002], Sec. III, Eq. (3.7): 'H ~ 1.1/a' in the small-perturbation limit, H from fits r/a = 1 + b4 exp(H(tau - b5)) on the throat in proper time; Table I: Ha = 1.56, 1.19, 1.13, 1.12 for c_a = +1e-1 ... +1e-4		
clmFourLinearRate	1.30	1.30		auto	single_f4	{"what": "linear_rate"}	linear mode's $1.30$. (c) || r mode's $1.30$, whi	the linear mode's e-fold (clmLinTau, 5.13 M) at the static throat's lapse at the neck: H R0 = R0 / (5.13 alpha_0) (plot_single_inflation_L512.sh_fit)	2026-09-26	1.301; alpha_0 = 0.571
clmFourHorizonR	73	73		auto	single_f4	{"what": "horizon_R"}	runs out to $R\approx73$ by || outward, to $R\approx73$ by	campaign/01_single_throat/seed/single_eps_m1e2_L512_ml5_oct_t400/neck_horizons.dat (R_hk, theta_k = 0 on our side) at its last sample before the first jump, a fall of more than 5 % in one sample (plot_single_inflation_L512.theta_k_track)	2026-09-26	73.39, one figure fewer as clmFourRWall; the next sample, t = 214, reads 54.55 and the finder then flickers between a far root and one just outside the neck
clmFourHorizonTime	212	212		auto	single_f4	{"what": "horizon_t"}	by $t=212$. (d) || by $t=212$. Until	as clmFourHorizonR	2026-09-26	
clmLateConstraintHi	80	80	abs:3	auto	single_constraint_onset	{"runs": ["single_hold_t100", "single_eps_p1e2_t100", "single_eps_p1e2_q5e3_ml4_t100", "single_eps_p1e2_q5e2_ml4_t100", "single_pureq_q1e2_ml4_t100", "single_hold_ml4_t100", "single_pureq_q1e2_L128_ml4_scalar_t100"], "kind": "max"}		as clmLateConstraintLo	2026-09-26	82.2 (single_hold_ml4_t100); no longer quoted in research.tex (2026-09-24 feedback edits); row kept for provenance
clmInflKickedConstraintOnset	55	55	abs:3	auto	single_constraint_onset	{"runs": ["single_eps_m1e2_ml4_t100"], "kind": "min"}		campaign/01_single_throat/seed/single_eps_m1e2_ml4_t100/constraint_norms.dat	2026-09-26	2026-09-24 FINDINGS fix: the family's criterion (1.5 x the t = 35-55 median); Fig. 4's 'hold to t = 50' uses 1.1 x over t = 30-45 (51.6); no longer quoted in research.tex (2026-09-24 feedback edits); row kept for provenance
# ---- two throats at rest (sec:pair, Fig. 5)
clmSignSlices	15	15		auto	single_sign_rule	{"what": "n"}		as clmSignRatio (rows with a ratio)	2026-09-26	NO ANCHOR: both '$15$ slices' sit inside clmSignRatioErr's only unique contexts; place by hand
clmSignSettleWindow	3.5	3.5		auto	single_sign_rule	{"what": "t_first"}	window $t<3.5$, excluded	as clmSignRatio (first slice with a ratio; sign_rule.py WINDOW)	2026-09-26	
clmSignWindowEnd	10.5	10.5		manual			past $t=10.5$, where the closing	campaign/03_two_throats/matched_rest_displacement.dat (header: ratio over t = 3.5..10.5) / plot_sign_rule.WINDOW	2026-09-30	the sign-rule window's last slice; the matched records run to t = 15, where the ratio climbs to 1.56 as the closing pair accelerates (nonlinear regime) -- drawn open-faced in Fig. 4(b)
clmSignWindowClosed	4.6	4.572		auto	single_matched_closed	{"t": 10.5}	has closed $4.6\%$ of its gap	campaign/03_two_throats/matched_rest_displacement.dat: -dsep_flip_d12(10.5) / sep(0) of ctrl_flip_d12_csm (header)	2026-10-06	validation A22: the gap closed at the window's end
clmMatchedSignRatio	1.462	1.462		auto	single_matched_sign_rule	{"what": "mean"}	ratio at $a=\clmThroatA$ is $1.462 || measured $1.462\pm	campaign/03_two_throats/matched_rest_displacement.dat: -dsep_flip_d12/dsep_like_d12 over t = 3.5..10.5	2026-09-28	1.4621 from the table's 4-decimal dsep columns (the header states 1.463, from matched_rest.py's unrounded stream; same situation as clmSignRatio)
clmMatchedSignRatioErr	0.022	0.022		auto	single_matched_sign_rule	{"what": "sd"}	\pm0.022$ (scatter over $15$ slices) against	as clmMatchedSignRatio (sample sd, ddof 1)	2026-09-28	0.0217 (the header states 0.023)
clmMatchedOffsetDelta	2.65	2.65		auto	single_matched_offset_delta	{"which": "matched"}	fit gives $\delta=2.65	as clmMatchedSignRatio (least-squares A/(d+delta)^2 on the full d = 12..18 ladder at t = 11.5)	2026-09-28	2.6536
clmCountLikeSignedPairs	Four	4		manual	count_runs	{"pattern": "^ctrl_rest_d1[2468]_csm$"}	Four like-signed pairs	campaign/03_two_throats/ctrl_rest_d{12,14,16,18}	2026-09-26	frozen 2026-10-02: source run ARCHIVED out of the pack (00_archive, superseded superposed/Bowen-York data); value measured before archiving, re-measure on the csm/lbf rerun; 2026-10-05: repointed to the matched (mode-3) ladder
clmDLadderTwelve	0.4791	0.4791		auto	single_dladder	{"d": 12, "source": "matched"}	grown by $\delta d=0.4791/	campaign/03_two_throats/separation_ladder_2026-09-04.txt (RESULT, displacement at t = 11.5)	2026-09-26	the same value as sign_rule_displacement.dat dsep_like at t = 11.5; 2026-10-05: repointed to the matched (mode-3) ladder
clmDLadderFourteen	0.3716	0.3716		auto	single_dladder	{"d": 14, "source": "matched"}	/0.3716/	as clmDLadderTwelve	2026-09-26	2026-10-05: repointed to the matched (mode-3) ladder
clmDLadderSixteen	0.2963	0.2963		auto	single_dladder	{"d": 16, "source": "matched"}	/0.2963/	as clmDLadderTwelve	2026-09-26	2026-10-05: repointed to the matched (mode-3) ladder
clmDLadderEighteen	0.2406	0.2406		auto	single_dladder	{"d": 18, "source": "matched"}	/0.2406$. For || the measurement is $0.2406$	as clmDLadderTwelve	2026-09-26	2026-10-05: repointed to the matched (mode-3) ladder
clmFdSquaredLo	69.0	69.0		auto	single_dladder	{"d": 12, "what": "Fd2", "source": "matched"}	$69.0\to	as clmDLadderTwelve (displacement x nominal d^2)	2026-09-26	67.62; 2026-10-05: repointed to the matched (mode-3) ladder
clmFdSquaredHi	78.0	78.0		auto	single_dladder	{"d": 18, "what": "Fd2", "source": "matched"}	\to78.0$, across	as clmDLadderTwelve	2026-09-26	78.99; 2026-10-05: repointed to the matched (mode-3) ladder
clmOffsetDeltaLo	2.2	2.2		auto	single_offset_delta	{"kind": "min", "source": "matched"}	$\delta\approx2.2$--	as clmDLadderTwelve (delta solved from each pair of rungs)	2026-09-26	pairwise delta 2.94 (16-18) ... 3.78 (12-14); 2026-10-05: repointed to the matched (mode-3) ladder
clmOffsetDeltaHi	2.8	2.8		auto	single_offset_delta	{"kind": "max", "source": "matched"}	--$2.8$ describes it	as clmOffsetDeltaLo	2026-09-26	3.78; 2026-10-05: repointed to the matched (mode-3) ladder
clmOffsetPrediction	0.242	0.242		auto	single_offset_prediction	{"d": 18, "model": "offset", "source": "matched"}	predicts $0.242$ at	as clmDLadderTwelve (least-squares A/(d+delta)^2 on d = 12, 14, 16)	2026-09-26	0.2458 with delta = 3.69; separation_ladder_2026-09-04.txt and the registry quote 0.243, from an earlier fit (delta = 3.4) made before d = 18 reached t = 11.5; 2026-10-05: repointed to the matched (mode-3) ladder
clmInverseSquarePrediction	0.213	0.213		auto	single_offset_prediction	{"d": 18, "model": "inverse_square", "source": "matched"}	inverse-square gives $0.213$	as clmDLadderTwelve (0.4696 (12/18)^2)	2026-09-26	0.2087; 2026-10-05: repointed to the matched (mode-3) ladder
clmALadderOne	0.1623	0.1623		auto	single_matched_aladder	{"a": 1}	$\delta d=0.1623/	campaign/03_two_throats/matched_rest_displacement.dat: dsep_like_a1 at t = 11.5 (ctrl_rest_a1_csm; results/merger/analysis/matched_rest.py from the chi_z slice caches)	2026-10-05	the matched width ladder, Fig. 4(d) (plot_width_ladder); the superposed a-ladder (scalar_charge_apoints_2026-09-04.txt, t = 11: 0.147/0.283/0.416/0.615) left the paper 2026-10-05
clmALadderOneHalf	0.3250	0.325		auto	single_matched_aladder	{"a": 1.5}	/0.3250/	as clmALadderOne (dsep_like_a15, ctrl_rest_a15_csm)	2026-10-05	
clmALadderTwo	0.4791	0.4791		auto	single_matched_aladder	{"a": 2}	/0.4791/	as clmALadderOne (dsep_like_d12: the a = 2 rung is the separation ladder's d = 12 run, ctrl_rest_d12_csm)	2026-10-05	the same value as clmDLadderTwelve
clmALadderThree	0.7583	0.7583		auto	single_matched_aladder	{"a": 3}	/0.7583$ by	as clmALadderOne (dsep_like_a3, ctrl_rest_a3_csm)	2026-10-05	
clmWidthExponentLo	1.2	1.2		auto	single_matched_width_exponent	{"kind": "min"}	$n=1.2$--	campaign/03_two_throats/matched_rest_displacement.dat: least-squares log-log fit of dsep ~ a^n over a = 1/1.5/2/3 at t = 8, 10, 11.5 (matched_rest.py header)	2026-10-05	1.214 / 1.337 / 1.400 at t = 8 / 10 / 11.5 (1.46 at t = 15, past the small-displacement window); the superposed ladder, same fit at t = 11: 1.30
clmWidthExponentHi	1.4	1.4		auto	single_matched_width_exponent	{"kind": "max"}	--$1.4$ when fitted	as clmWidthExponentLo	2026-10-05	1.400 (t = 11.5)
clmWidthExponentFit	1.4	1.4		auto	single_matched_width_exponent	{"kind": "max", "times": [11.5]}	as $a^{1.4}$.	as clmWidthExponentLo, at t = 11.5 alone: the gold line of Fig. 4(d) (plot_width_ladder.power_fit)	2026-10-05	1.400
clmSpongeInnerBig	48	48		auto	param	{"run": "merge_orbit_flip_d12_p025_L128_lvl5_t100_lbf_csm", "key": "sponge_inner_radius"}	and $48$--	campaign: merge_orbit_flip_d12_p025_L128_lvl5_t100_lbf_csm evolution_params.txt: sponge_inner_radius	2026-10-06	2026-10-06 (validation C): re-pointed from the archived run to the packed merge_orbit_flip_d12_p025_L128_lvl5_t100_lbf_csm
clmSpongeOuterBig	64	64		auto	param	{"run": "merge_orbit_flip_d12_p025_L128_lvl5_t100_lbf_csm", "key": "sponge_outer_radius"}	--$64$ at $L=	campaign: merge_orbit_flip_d12_p025_L128_lvl5_t100_lbf_csm evolution_params.txt: sponge_outer_radius	2026-10-06	2026-10-06 (validation C): re-pointed from the archived run to the packed merge_orbit_flip_d12_p025_L128_lvl5_t100_lbf_csm
clmThroatGammaOne	0.5	0.5		def	expr	{"formula": "m/a", "m": {"fn": "param", "run": "single_hold_t100", "key": "wormhole_drainhole_mass_A"}, "a": {"fn": "param", "run": "single_hold_t100", "key": "wormhole_throat_radius_A"}}	le is the $\gamma_1=m/a=0.5$ member of	production params: gamma_1 = m/a of GGS I	2026-09-26	added 2026-09-24 (user feedback on the paper); anchors re-cut 2026-09-24 (feedback edits)
clmGgsMatched	0.758	0.758		lit			inear analysis gives $T=0.758$; their Tab	Gonzalez, Guzman & Sarbach, CQG 26, 015010 (2009), Table I at gamma_1 = 0.5: T = 0.758 (arXiv:0806.0608v2 p. 10; normalisation as clmGgsMassless); reproduced by grteclyn-wrapper/scripts/analysis/merger_feedback/linear_mode.py		added 2026-09-24 (user feedback on the paper); anchors re-cut 2026-09-24 (feedback edits)
clmLinT	0.7584	0.7584		manual			delta\phi=0$---gives $T=0.7584$, i.e.\ $\t	grteclyn-wrapper/scripts/analysis/merger_feedback/linear_mode.py: three solvers in two gauges agree, T = 0.758357150		added 2026-09-24 (user feedback on the paper); anchors re-cut 2026-09-24 (feedback edits)
clmLinTau	5.13	5.13		manual			, i.e.\ $\tau_{\rm lin}=5.13\,M$. The me	grteclyn-wrapper/scripts/analysis/merger_feedback/linear_mode.py: tau_lin = 1/lambda, lambda = 0.1949004/M (solver C, production coordinates)		added 2026-09-24 (user feedback on the paper); anchors re-cut 2026-09-24 (feedback edits)
clmGgsAgreementFour	1.9	1.9		auto	single_ggs_excess	{"runs": ["single_hold_ml4_t100"], "t_ggs": 0.758357}	and $1.9\%$ at level 4 || rate to within $1.9\%$ at both	|T / T_lin - 1| of the level-4 small-amplitude T against the parameter-matched linear T (linear_mode.py)	2026-09-26	1.90 % (T 0.7728); was 2.5 from the plateau (validation A10, 2026-10-06); the abstract quotes it
clmThroatOwnMass	1.94	1.94		def	expr	{"formula": "S/2", "S": {"fn": "single_drainhole", "quantity": "R_min"}}	-Sharp mass, $R_\star/2=1.94$, already e	closed form: M_MS on the time-symmetric throat = R_min/2 (theta_pm = 0 there)	2026-09-26	added 2026-09-24 (user feedback on the paper); anchors re-cut 2026-09-24 (feedback edits)
clmSeedDefectPeak	0.93	0.927		manual			all there: its peak is $0.93$--$	grteclyn-wrapper/scripts/analysis/merger_feedback/c_seed_constraints.py: closed-form seed defect, peak |H| at r ~ 1.69 over 16 pi |rho|, eps = +1e-2 (0.94 at -1e-2)	2026-10-06	eps = +1e-2 (0.927); the eps = -1e-2 peak is clmSeedDefectPeakHi (validation D, 2026-10-06)
clmSeedDefectPeakHi	0.94	0.944		manual			$0.94\times16\pi|\rho|$ at	grteclyn-wrapper/scripts/analysis/merger_feedback/c_seed_constraints.py: closed-form seed defect, peak |H| over 16 pi |rho|, eps = -1e-2	2026-10-06	added 2026-10-06 (validation D)
clmSeedBagThreshold	0.025	0.025		manual			Above $\varepsilon\simeq0.025$ the spheri	grteclyn-wrapper/scripts/analysis/merger_feedback/c_eps01_fates.py: R''(r_t) = 0 at eps = 0.0245 (the minimal surface becomes a maximum)		added 2026-09-24 (user feedback on the single throat; C analysis, finished by the coordinator); anchors re-cut 2026-09-24 (feedback edits)
clmSeedDefectBox	0.090	0.09		manual			lus the kick's own defect, $0.090\,|\varepsilon|$ (	grteclyn-wrapper/scripts/analysis/merger_feedback/c_seed_constraints.py: quadrature excess sqrt(1/2[H(+e)^2+H(-e)^2]-H0^2)/|e| = 0.0898/0.0899 at 1e-3/1e-2 (level-0 reproduction 0.0899)		added 2026-09-24 (user feedback on the single throat; C analysis, finished by the coordinator); anchors re-cut 2026-09-24 (feedback edits)
clmKickNormSpread	5.4	5.4		manual			the unkicked norms to $5.4\%$ until th	grteclyn-wrapper/scripts/analysis/merger_feedback/c_seed_constraints.py: kicked vs unkicked H within 5.4% over t = 2-20		added 2026-09-24 (user feedback on the single throat; C analysis, finished by the coordinator); anchors re-cut 2026-09-24 (feedback edits)
clmCeilingPlusMotsTime	1	1		manual			trapped from $t=1$, while $-	grteclyn-wrapper/scripts/analysis/merger_feedback/c_eps01_fates.py: single_eps_p1e1_t100 horizon_scan, first MOTS row t = 1 (R 4.621)		added 2026-09-24 (user feedback on the single throat; C analysis, finished by the coordinator); anchors re-cut 2026-09-24 (feedback edits)
clmCeilingMinusRzero	3.15	3.15		manual			the throat to $R_{\min}=3.15$, re-expand	grteclyn-wrapper/scripts/analysis/merger_feedback/c_eps01_fates.py: single_eps_m1e1_t100 areal_radius.dat at t = 0: 3.152		added 2026-09-24 (user feedback on the single throat; C analysis, finished by the coordinator); anchors re-cut 2026-09-24 (feedback edits)
clmCeilingMinusRmax	3.36	3.36		manual			sRzero$, re-expands to $3.36$ by $t=\clm	grteclyn-wrapper/scripts/analysis/merger_feedback/c_eps01_fates.py: same arm, maximum 3.356 at t = 4		added 2026-09-24 (user feedback on the single throat; C analysis, finished by the coordinator); anchors re-cut 2026-09-24 (feedback edits)
clmCeilingMinusRmaxTime	4	4		manual			CeilingMinusRmax$ by $t=4$ and then c	grteclyn-wrapper/scripts/analysis/merger_feedback/c_eps01_fates.py (same)		added 2026-09-24 (user feedback on the single throat; C analysis, finished by the coordinator); anchors re-cut 2026-09-24 (feedback edits)
clmCeilingMinusMotsTime	6	6		manual			s well, trapped from $t=6$---against	grteclyn-wrapper/scripts/analysis/merger_feedback/c_eps01_fates.py: same arm, first MOTS row t = 6 (R 3.331)		added 2026-09-24 (user feedback on the single throat; C analysis, finished by the coordinator); anchors re-cut 2026-09-24 (feedback edits)
clmCeilingDefectLo	8.6	8.6		manual			ms in the box norm and $8.6$--$\clmCeil	grteclyn-wrapper/scripts/analysis/merger_feedback/c_seed_constraints.py: closed-form shell peak |H|/16 pi |rho| at eps = +0.1		added 2026-09-24 (user feedback on the single throat; C analysis, finished by the coordinator); anchors re-cut 2026-09-24 (feedback edits)
clmCeilingDefectHi	10.3	10.3		manual			$\clmCeilingDefectLo$--$10.3\times16\pi|	grteclyn-wrapper/scripts/analysis/merger_feedback/c_seed_constraints.py: same at eps = -0.1		added 2026-09-24 (user feedback on the single throat; C analysis, finished by the coordinator); anchors re-cut 2026-09-24 (feedback edits)
clmRegrowthShrinkPct	40	40		manual			upport and loses $40\%$ of it	grteclyn-wrapper/scripts/analysis/merger_feedback/c_regrowth_fits.py: MOTS R from formation (t = 11, 3.883) to the floor (t = 47, 2.337), level 3: -39.8%		added 2026-09-24 (user feedback on the single throat; C analysis, finished by the coordinator); anchors re-cut 2026-09-24 (feedback edits); anchors re-cut 2026-09-28 (figure merge/wipe)
clmRegrowthLevelAgreement	0.08	0.08		manual				campaign/01_single_throat/seed/single_eps_p1e2_t100 vs single_eps_p1e2_q1e2_ml4_scalar_t100, horizon_scan.dat centre A (extract_single._mots): median over the 89 shared MOTS rows (t = 11-99) of |R_mots(level 3)/R_mots(level 4) - 1|		0.084 % in R, 0.073 % in M_MS; the regrowth leg t = 47-99 alone 0.135 %; worst row 0.72 % (R) / 0.20 % (M). The level-4 arm's binary ignored eps_2 (runs_index.tsv), so it is the spherical +1e-2 kick. Its regrowth gain is 8.78 % against level 3's 9.75 %, so the AMPLITUDE agrees to ~1 point, not 0.08 %. The old source (c_regrowth_fits.py) does not compute this; no merger_feedback script does; added 2026-09-26 (referee fixes)
clmFirstLawDeficitLo	19	19		manual				grteclyn-wrapper/scripts/analysis/merger_feedback/c_horizon_first_law.py on the L = 128 level-4 twin (TAKE 2): phantom-influx dR/dt vs measured, t = 33: -0.046 vs -0.054		added 2026-09-24 (user feedback on the single throat; C analysis, finished by the coordinator); anchors re-cut 2026-09-24 (feedback edits); no longer quoted in research.tex (2026-09-25: the regrowth paragraph of sec:single:collapse shortened on the user's word, the range 9-11 % quoted instead); row kept for provenance
clmFirstLawDeficitHi	46	46		manual				grteclyn-wrapper/scripts/analysis/merger_feedback/c_horizon_first_law.py: same at t = 40.5: -0.0101 vs -0.0147		added 2026-09-24 (user feedback on the single throat; C analysis, finished by the coordinator); anchors re-cut 2026-09-24 (feedback edits); no longer quoted in research.tex (2026-09-25: the regrowth paragraph of sec:single:collapse shortened on the user's word, the range 9-11 % quoted instead); row kept for provenance
clmInfStoreDeficit	0.94	0.94		auto	expr	{"formula": "r/2 - m", "r": {"fn": "single_drainhole", "quantity": "R_min"}, "m": {"fn": "param", "run": "single_hold_t100", "key": "wormhole_drainhole_mass_A"}}	deficit of $R_\star/2-m=0.94$	closed form: R_min/2 - m, the Misner-Sharp deficit of the field outside the static throat (Secs. II.B, VI.A); analysis/inflating_population.py	2026-09-26	0.9448; added 2026-09-26: the turnover ending's candidate reservoir
clmInfShedQuiet	0.03	0.03		auto	waves_scalar_energy	{"run": "single_pureq_q1e2_ml4_scalar_t100", "R": 18, "t_cut": 80}	ef{sec:gw:censorship} shed $0.03$ of it through $R	campaign/01_single_throat/seed/single_pureq_q1e2_ml4_scalar_t100/scalar_modes.dat, |int -flux_kin dt| at R=18 to t=80, the counted window of Sec. VIII.G; analysis/inflating_population.py	2026-09-26	0.0344 by the figure module's running integral, 0.0273 by raw trapezoid; both print 0.03
clmInfEfoldNeck	1.3	1.3		auto	single_f4_pop	{"what": "efold_neck"}	accumulates $1.3$ areal e-folds	campaign/01_single_throat/seed/single_eps_m1e2_L512_ml5_oct_t400/neck_horizons.dat: ln(R_wall/R0); analysis/inflating_population.py	2026-09-26	1.334
clmInfEfoldBoundary	3.0	3.0		auto	single_f4_pop	{"what": "efold_boundary"}	the boundary $3.0$, against	as clmInfEfoldNeck: ln(R_hk/R0) at the theta_k = 0 track's last clean sample (t = 212)	2026-09-26	2.957
clmFourFinestDx	1/16	0.0625		def	expr	{"formula": "a/b/2**c", "a": {"fn": "param", "run": "single_eps_m1e2_L512_ml5_oct_t400", "key": "L_full"}, "b": {"fn": "param", "run": "single_eps_m1e2_L512_ml5_oct_t400", "key": "N_full"}, "c": {"fn": "param", "run": "single_eps_m1e2_L512_ml5_oct_t400", "key": "max_level"}}	levels give $\Delta x=1/16$, the || box with finest $\Delta x=1/16$ (the || octant, finest $\Delta x=1/16$) to	campaign/01_single_throat/seed/single_eps_m1e2_L512_ml5_oct_t400/evolution_params.txt: L_full / N_full / 2^max_level = 512/256/32	2026-09-26	added 2026-09-26 (referee fixes: the arm is quoted by its finest dx, not its level)
clmFourDxBase	2	2		def	expr	{"formula": "a/b", "a": {"fn": "param", "run": "single_eps_m1e2_L512_ml5_oct_t400", "key": "L_full"}, "b": {"fn": "param", "run": "single_eps_m1e2_L512_ml5_oct_t400", "key": "N_full"}}	base spacing is $2$, so its || DxBase$; $2$ on t	campaign/01_single_throat/seed/single_eps_m1e2_L512_ml5_oct_t400/evolution_params.txt: L_full / N_full	2026-09-26	added 2026-09-26
clmFourLinearGap	6	6		auto	expr	{"formula": "100*(1-a/b)", "a": {"fn": "single_f4", "what": "sh_rate"}, "b": {"fn": "single_f4", "what": "linear_rate"}}	$6\%$ below our linear	clmFourSHRate against clmFourLinearRate	2026-09-26	6.43 (1.2174 / 1.301); added 2026-09-26
# ---- throats with momentum (sec:model:boost, sec:single:moving; added 2026-09-30, the boosted setup)
clmBoostAxisResidual	6\times10^{-5}	6e-5		manual			law to $6\times10^{-5}$ at every || below $6\times10^{-5}$ at every	campaign/02_moving_throat/boost_contraction_t0.tsv: max |ratio - 1/gamma| = 5.7e-5 (p = 0.45, r_c = 1)	2026-09-30	measured axis ratio against 1/gamma, five p values, three contour levels
clmBoostSolveW	4.5\times10^{-6}	4.5e-6		auto	expr	{"formula": "abs(a)", "a": {"fn": "first", "run": "t0_single_boost_p045_L128_lvl4_lbf_csm", "file": "constraint_solve.dat", "col": "w0_A"}}	|w_0|=4.5\times10^{-6}$	campaign/02_moving_throat/exact_boost/t0_single_boost_p045_L128_lvl4_lbf_csm/constraint_solve.dat: |w0_A| (the lone exact-boost p=0.45 throat on the production L=128 level-4 grid, mode 3)	2026-09-30	re-pointed 2026-10-06 from the unpacked t0_single_boost_p045_lbcs test (5e-7); the grid-wide max|w| and max|W| are not in the pack
clmBoostSolveWvec	5\times10^{-6}	5e-6		manual				t0_single_boost_p045_lbcs: max |W|	2026-09-30	unquoted since 2026-10-06: max|W| of the unpacked lbcs test; no packed record
clmBoostSolveFar	4\times10^{-6}	4.1e-6	abs:1e-6	auto	first	{"run": "t0_single_boost_p045_L128_lvl4_lbf_csm", "file": "constraint_solve.dat", "col": "match_res"}	isolated to $4\times10^{-6}$)	campaign/02_moving_throat/exact_boost/t0_single_boost_p045_L128_lvl4_lbf_csm/constraint_solve.dat: match_res (far-side mass and charge against the isolated throat)	2026-09-30	re-pointed 2026-10-06 from the unpacked lbcs test (4e-7)
clmBoostRestRepro	10^{-5}	1e-5		manual			$w_0$ to $10^{-5}$	t0_ctrl_rest_d12_lbcs (test 2) against ctrl_rest_d12_csm: c 2.115528/2.115542 vs 2.115536, sigma 0.930357/0.930369 vs 0.930364, w0 -3.430e-3/-3.423e-3 vs -3.426e-3	2026-09-30	model 1 at rest reproduces the model-0 mode-3 solve
clmBoostPairFar	10^{-5}	1e-5		manual			throat's to $10^{-5}$, each	campaign/06_binary_flyby/verify_p025/t0_merge_orbit_flip_d12_p025_L128_lvl5_lbf_csm/constraint_solve.dat: Mfar -4.81043/-4.81045 vs -4.81048, m' 1.00001	2026-09-30	verification A on the production grid
clmBoostPairRmin	0.09	0.09		manual			lands $0.09\%$ from	verify_p025 A: R_min 3.8807 per mouth against the isolated 3.8772	2026-09-30	
clmBoostPairShellHam	7.8\times10^{-5}	7.8e-5		manual			most $7.8\times10^{-5}$ rms	verify_p025 A: shell Hamiltonian rms 7.8e-5 / 3.2e-5 / 5.6e-5 on levels 3 / 4 / 5	2026-09-30	the maximum across the levels is quoted
clmBoostSpeed	0.41	0.41		manual			level 3, $v=0.41$) rides	closed form v = p/sqrt(m^2+p^2) = 0.4104 at p = 0.45, m = 1	2026-09-30	
clmBoostMovingHoldMax	1.2	1.2		auto	single_boost_record	{"what": "hold_max"}	most $1.2\%$, until	campaign/02_moving_throat/exact_boost/single_boost_p045_lbf_t050/horizon_scan.dat A rows, one-sample scan glitches dropped (plot_single_throat_row.moving_record)		1.18 % at t = 25 (3.8762 -> 3.9219); was 2.0, the t = 29 one-sample scan glitch (validation A13, 2026-10-06)
clmBoostMovingPeakTime	25	25		auto	single_boost_record	{"what": "peak_time"}	to $t\approx25$ and then	as clmBoostMovingHoldMax		was 29, the glitch (A13)
clmBoostMovingOnePct	36.8	36.8		auto	single_boost_record	{"what": "one_pct"}	until $t=36.8$, where	as clmBoostMovingHoldMax		36.76; the resting level-3 throat: t = 44 (clmHoldTimeOnePct)
clmBoostMovingTauLo	5.0	5.0		auto	single_boost_record	{"what": "tau_lo"}	$\tau=5.0$--$	as clmBoostMovingHoldMax: free-offset fits R = c + B e^(t/tau) over [t0, t1], t0 = 28-36, t1 = 42-44 (extract_single.single_boost_record)		5.035; was 5.5-5.7 from ln(R_peak - R) anchored on the t = 29 glitch (A13)
clmBoostMovingTauHi	6.1	6.1		auto	single_boost_record	{"what": "tau_hi"}	--$6.1$ against	as clmBoostMovingTauLo		6.06; against tau = 5.12 at rest (clmTauLevelThree)
clmBoostMovingDeath	44.67	44.67		manual			endpoint ($t=44.67$, Fig. || dying at $t=44.67$:	single_boost_p045_lbf_t050 run.log: NaN in h11, level 3, chi at the pit on its floor	2026-09-30	the same numerical endpoint as the resting level-3 collapse arm
clmFreezeRadiusFull	0.3	0.3		manual			f within coordinate radius $0.3$ of each tracked	campaign/05_binary_spiral/merger_d6/spiral_d6_p010_L128_lvl5from0_t060_lbf_csm/evolution_params.txt: core_freeze_radius_full (every boosted evolution but the d12 p012 lb_csm arm: the d6 chain, the d12 arms at p >= 0.25, both level-3 scouts, the moving single throat)	2026-10-05	core_lapse_freeze = 1, core_freeze_track_throats = 1
clmFreezeRadiusStart	0.8	0.8		manual			infinity, restoring it by $0.8$ (the throat sits	same params: core_freeze_radius_start	2026-10-05	the throat sits at r ~ 1.4-1.6 (the params comment)
clmDampLapseStart	3\times10^{-2}	3e-2		manual			collapsed below $3\times10^{-2}$:	same params: core_damping_lapse_start (core_matter_damping = 1 on the d6 chain and the d12 lbf arms)	2026-10-05	full damping at 1e-3 (core_damping_lapse_full); on the p045/p025 scatterers the grid-centre lapse crosses 3e-2 at t = 36.0/34.45
