# Table I of research.tex (tab:matrix), run by run: which group each packed run is counted in.
# PLANNED (the rewrite, after the production set; the user, 2026-10-02): binary physics groups repoint
# to the csm runs, and the superseded superposed/Bowen-York runs LEAVE the pack entirely — raw dir and
# pack extract to runs/wormhole_merger/00_archive/ (untracked), after the old-vs-clean systematics
# aggregates (the CS-1 table) are frozen into tracked TSVs, like the gw_search JSONs. Until the text is
# rewritten the old groups stay, because ~900 ledger rows and Table I's 19 counts recompute from them.
# Done 2026-10-02: the three dead launches (00_archive/aborted) and the superseded superposed/Bowen-York
# binaries (44 paths, 00_archive/superseded_2026-10-02) archived this way; their rows below carry ARCHIVED
# notes, extract_detector counts them without requiring the pack, and the 348 ledger rows that read their
# files are frozen `manual`. Kept packed as deliberate systematics: placement probes, refinement ladder,
# gauge arms, Helfer twins, CS-1, the singles, the BBH controls, every group-level aggregate.
# Built from the 2026-09-23 recount (every packed run directory, i.e. every directory with a run_tail*.log
# under results/merger/campaign, classified once).  Read by extract_detector.py, which recounts the table
# from this file plus the pack and FAILS if a packed run is missing here, if a counted run is not packed, or
# if a counted name is ambiguous.  group '-' = not an evolution of its own (copy, dead launch) or not cited;
# the reason is in note.  'shakedown (archived)' is counted in the 144 but not in the 132.  Matching is by
# run NAME (the directory name), so re-filing the pack does not break it; path is informational.
run	group	path	note
single_hold_L128_t100	lone throat	01_single_throat/hold/single_hold_L128_t100	
single_hold_chireg_t100	lone throat	01_single_throat/hold/single_hold_chireg_t100	
single_hold_dt005_t070	lone throat	01_single_throat/hold/single_hold_dt005_t070	
single_hold_dt01_t070	lone throat	01_single_throat/hold/single_hold_dt01_t070	
single_hold_ml2_chireg_t100	lone throat	01_single_throat/hold/single_hold_ml2_chireg_t100	
single_hold_ml2_t100	lone throat	01_single_throat/hold/single_hold_ml2_t100	
single_hold_ml4_lowfloor_t100	lone throat	01_single_throat/hold/single_hold_ml4_lowfloor_t100	
single_hold_ml4_t100	lone throat	01_single_throat/hold/single_hold_ml4_t100	
single_hold_t100	lone throat	01_single_throat/hold/single_hold_t100	
single_eps_m1e1_t100	spherical kicks	01_single_throat/seed/single_eps_m1e1_t100	
single_eps_m1e2_ml4_t060	spherical kicks	01_single_throat/seed/single_eps_m1e2_ml4_t060	
single_eps_m1e2_ml4_t100	spherical kicks	01_single_throat/seed/single_eps_m1e2_ml4_t100	
single_eps_m1e2_t100	spherical kicks	01_single_throat/seed/single_eps_m1e2_t100	
single_eps_m1e3_t100	spherical kicks	01_single_throat/seed/single_eps_m1e3_t100	
single_eps_p1e1_t100	spherical kicks	01_single_throat/seed/single_eps_p1e1_t100	
single_eps_p1e2_ml4_t060	spherical kicks	01_single_throat/seed/single_eps_p1e2_ml4_t060	
single_eps_p1e2_t100	spherical kicks	01_single_throat/seed/single_eps_p1e2_t100	
single_eps_p1e3_t100	spherical kicks	01_single_throat/seed/single_eps_p1e3_t100	
single_eps_p1e2_q1e2_chk_t100	quadrupolar kicks	01_single_throat/seed/single_eps_p1e2_q1e2_chk_t100	
single_eps_p1e2_q1e2_ml4_t100_r02500	quadrupolar kicks	01_single_throat/seed/single_eps_p1e2_q1e2_ml4_t100_r02500	
single_eps_p1e2_q1e2_t100	quadrupolar kicks	01_single_throat/seed/single_eps_p1e2_q1e2_t100	
single_eps_p1e2_q5e2_ml4_t100	quadrupolar kicks	01_single_throat/seed/single_eps_p1e2_q5e2_ml4_t100	
single_eps_p1e2_q5e3_ml4_t100	quadrupolar kicks	01_single_throat/seed/single_eps_p1e2_q5e3_ml4_t100	
single_pureq_q1e2_ml4_t100	quadrupolar kicks	01_single_throat/seed/single_pureq_q1e2_ml4_t100	
single_eps_p1e2_q1e2_ml4_scalar_t100	scalar-stream re-runs	01_single_throat/seed/single_eps_p1e2_q1e2_ml4_scalar_t100	
single_pureq_q1e2_L128_ml4_scalar_t100	scalar-stream re-runs	01_single_throat/seed/single_pureq_q1e2_L128_ml4_scalar_t100	
single_pureq_q1e2_ml4_scalar_t100	scalar-stream re-runs	01_single_throat/seed/single_pureq_q1e2_ml4_scalar_t100	
ctrl_flip_d12	two throats at rest	03_two_throats/ctrl_flip_d12	ARCHIVED 2026-10-02 (00_archive/superseded_2026-10-02, raw + pack extract; superseded by the csm/lbf reruns)
ctrl_rest_a1	two throats at rest	03_two_throats/ctrl_rest_a1	ARCHIVED 2026-10-02 (00_archive/superseded_2026-10-02, raw + pack extract; superseded by the csm/lbf reruns)
ctrl_rest_a15	two throats at rest	03_two_throats/ctrl_rest_a15	ARCHIVED 2026-10-02 (00_archive/superseded_2026-10-02, raw + pack extract; superseded by the csm/lbf reruns)
ctrl_rest_a3	two throats at rest	03_two_throats/ctrl_rest_a3	ARCHIVED 2026-10-02 (00_archive/superseded_2026-10-02, raw + pack extract; superseded by the csm/lbf reruns)
ctrl_rest_d12	two throats at rest	03_two_throats/ctrl_rest_d12	ARCHIVED 2026-10-02 (00_archive/superseded_2026-10-02, raw + pack extract; superseded by the csm/lbf reruns)
ctrl_rest_d14	two throats at rest	03_two_throats/ctrl_rest_d14	ARCHIVED 2026-10-02 (00_archive/superseded_2026-10-02, raw + pack extract; superseded by the csm/lbf reruns)
ctrl_rest_d16	two throats at rest	03_two_throats/ctrl_rest_d16	ARCHIVED 2026-10-02 (00_archive/superseded_2026-10-02, raw + pack extract; superseded by the csm/lbf reruns)
ctrl_rest_d18	two throats at rest	03_two_throats/ctrl_rest_d18	ARCHIVED 2026-10-02 (00_archive/superseded_2026-10-02, raw + pack extract; superseded by the csm/lbf reruns)
orbit_d12_p012	two throats at rest	03_two_throats/orbit_d12_p012	ARCHIVED 2026-10-02 (00_archive/superseded_2026-10-02, raw + pack extract; superseded by the csm/lbf reruns)
place_d10_step1	placement probes	04_binary_headon/placement/place_d10_step1	
place_d12_step1	placement probes	04_binary_headon/placement/place_d12_step1	
place_d14_step1	placement probes	04_binary_headon/placement/place_d14_step1	
place_d16_step1	placement probes	04_binary_headon/placement/place_d16_step1	
place_d18_step1	placement probes	04_binary_headon/placement/place_d18_step1	
place_d20_step1	placement probes	04_binary_headon/placement/place_d20_step1	
place_d24_step1	placement probes	04_binary_headon/placement/place_d24_step1	
place_d28_step1	placement probes	04_binary_headon/placement/place_d28_step1	
place_d32_step1	placement probes	04_binary_headon/placement/place_d32_step1	
place_d36_step1	placement probes	04_binary_headon/placement/place_d36_step1	
place_d40_step1	placement probes	04_binary_headon/placement/place_d40_step1	
place_d44_step1	placement probes	04_binary_headon/placement/place_d44_step1	
place_d48_step1	placement probes	04_binary_headon/placement/place_d48_step1	
place_d65_step1	placement probes	04_binary_headon/placement/place_d65_step1	
place_d6_step1	placement probes	04_binary_headon/placement/place_d6_step1	
place_d75_step1	placement probes	04_binary_headon/placement/place_d75_step1	
place_d7_step1	placement probes	04_binary_headon/placement/place_d7_step1	
place_d8_step1	placement probes	04_binary_headon/placement/place_d8_step1	
single_m05_t040	half-mass, m=0.5	01_single_throat/hold/single_m05_t040	
merge_headon_flip_d6_m05_t100	half-mass, m=0.5	04_binary_headon/merge_headon_flip_d6_m05_t100	ARCHIVED 2026-10-02 (00_archive/superseded_2026-10-02, raw + pack extract; superseded by the csm/lbf reruns)
merge_headon_flip_d12	head-on, d=8	04_binary_headon/merge_headon_flip_d12	ARCHIVED 2026-10-02 (00_archive/superseded_2026-10-02, raw + pack extract; superseded by the csm/lbf reruns): a d = 12 head-on, kept in the head-on group as in the pre-recount table (the label says d = 8)
merge_headon_flip_d8_v1_lvl3down_t100_r03500	head-on, d=8	04_binary_headon/merge_headon_flip_d8_v1_lvl3down_t100_r03500	ARCHIVED 2026-10-02 (00_archive/superseded_2026-10-02, raw + pack extract; superseded by the csm/lbf reruns)
merge_headon_flip_d8_v1_lvl5_t100_r02200	head-on, d=8	04_binary_headon/merge_headon_flip_d8_v1_lvl5_t100_r02200	ARCHIVED 2026-10-02 (00_archive/superseded_2026-10-02, raw + pack extract; superseded by the csm/lbf reruns)
merge_headon_flip_d8_v1_lvl5chk_t100_r02200	head-on, d=8	04_binary_headon/merge_headon_flip_d8_v1_lvl5chk_t100_r02200	ARCHIVED 2026-10-02 (00_archive/superseded_2026-10-02, raw + pack extract; superseded by the csm/lbf reruns)
merge_headon_flip_d8_v1_lvl5from0_scalar_t100	head-on, d=8	04_binary_headon/merge_headon_flip_d8_v1_lvl5from0_scalar_t100	ARCHIVED 2026-10-02 (00_archive/superseded_2026-10-02, raw + pack extract; superseded by the csm/lbf reruns)
merge_headon_flip_d8_v1_t100	head-on, d=8	04_binary_headon/merge_headon_flip_d8_v1_t100	ARCHIVED 2026-10-02 (00_archive/superseded_2026-10-02, raw + pack extract; superseded by the csm/lbf reruns)
merge_headon_flip_d8_v1c_eps_m1e2_t100	head-on, d=8	04_binary_headon/merge_headon_flip_d8_v1c_eps_m1e2_t100	ARCHIVED 2026-10-02 (00_archive/superseded_2026-10-02, raw + pack extract; superseded by the csm/lbf reruns)
merge_headon_flip_d8_v1c_eps_p1e2_t100	head-on, d=8	04_binary_headon/merge_headon_flip_d8_v1c_eps_p1e2_t100	ARCHIVED 2026-10-02 (00_archive/superseded_2026-10-02, raw + pack extract; superseded by the csm/lbf reruns)
merge_headon_flip_d8_v1c_fillnarrow_t100_r02200	head-on, d=8	04_binary_headon/merge_headon_flip_d8_v1c_fillnarrow_t100_r02200	ARCHIVED 2026-10-02 (00_archive/superseded_2026-10-02, raw + pack extract; superseded by the csm/lbf reruns)
merge_headon_flip_d8_v1c_latefreeze_t100	head-on, d=8	04_binary_headon/merge_headon_flip_d8_v1c_latefreeze_t100	ARCHIVED 2026-10-02 (00_archive/superseded_2026-10-02, raw + pack extract; superseded by the csm/lbf reruns)
bbh_control_d12_p012	vacuum BBH	07_bbh_control/bbh_control_d12_p012	
bbh_control_d12_p012_t150	vacuum BBH	07_bbh_control/bbh_control_d12_p012_t150	
bbh_control_d12_p045_t100	vacuum BBH	07_bbh_control/bbh_control_d12_p045_t100	the fly-by's momentum-matched vacuum control (hidden in the old table's orbital-chain 16)
bridge_grtresna_L64_t025	constraint-solved data	01_single_throat/bridge_grtresna_L64_t025	
merge_orbit_flip_d12_p020_t200	momentum scan	05_binary_spiral/p020/merge_orbit_flip_d12_p020_t200	ARCHIVED 2026-10-02 (00_archive/superseded_2026-10-02, raw + pack extract; superseded by the csm/lbf reruns)
merge_orbit_flip_d12_p025_t200	momentum scan	05_binary_spiral/p025/merge_orbit_flip_d12_p025_t200	ARCHIVED 2026-10-02 (00_archive/superseded_2026-10-02, raw + pack extract; superseded by the csm/lbf reruns)
merge_orbit_flip_d12_p035_t200	momentum scan	06_binary_flyby/p035/merge_orbit_flip_d12_p035_t200	ARCHIVED 2026-10-02 (00_archive/superseded_2026-10-02, raw + pack extract; superseded by the csm/lbf reruns)
merge_orbit_flip_d12_p045_t200	momentum scan	06_binary_flyby/p045/merge_orbit_flip_d12_p045_t200	ARCHIVED 2026-10-02 (00_archive/superseded_2026-10-02, raw + pack extract; superseded by the csm/lbf reruns)
merge_orbit_flip_d12_p045	fly-by, p=0.45	06_binary_flyby/p045/merge_orbit_flip_d12_p045	ARCHIVED 2026-10-02 (00_archive/superseded_2026-10-02, raw + pack extract; superseded by the csm/lbf reruns)
merge_orbit_flip_d12_p045_L128_lvl5_t100	fly-by, p=0.45	06_binary_flyby/p045/merge_orbit_flip_d12_p045_L128_lvl5_t100	ARCHIVED 2026-10-02 (00_archive/superseded_2026-10-02, raw + pack extract; superseded by the csm/lbf reruns)
autopsy_nodamp_r05000	orbital chain, p=0.12	05_binary_spiral/p012/autopsy_nodamp_r05000	ARCHIVED 2026-10-02 (00_archive/superseded_2026-10-02, raw + pack extract; superseded by the csm/lbf reruns)
merge_orbit_flip_d12_ml2	orbital chain, p=0.12	05_binary_spiral/p012/merge_orbit_flip_d12_ml2	ARCHIVED 2026-10-02 (00_archive/superseded_2026-10-02, raw + pack extract; superseded by the csm/lbf reruns)
merge_orbit_flip_d12_n160	orbital chain, p=0.12	05_binary_spiral/p012/merge_orbit_flip_d12_n160	ARCHIVED 2026-10-02 (00_archive/superseded_2026-10-02, raw + pack extract; superseded by the csm/lbf reruns)
merge_orbit_flip_d12_r03000	orbital chain, p=0.12	05_binary_spiral/p012/merge_orbit_flip_d12_r03000	ARCHIVED 2026-10-02 (00_archive/superseded_2026-10-02, raw + pack extract; superseded by the csm/lbf reruns)
merge_orbit_flip_d12_r04000	orbital chain, p=0.12	05_binary_spiral/p012/merge_orbit_flip_d12_r04000	ARCHIVED 2026-10-02 (00_archive/superseded_2026-10-02, raw + pack extract; superseded by the csm/lbf reruns)
merge_orbit_flip_d12_r05000	orbital chain, p=0.12	05_binary_spiral/p012/merge_orbit_flip_d12_r05000	ARCHIVED 2026-10-02 (00_archive/superseded_2026-10-02, raw + pack extract; superseded by the csm/lbf reruns): data lost in the 2026-08-31 sweep (LOST.md); log and banner survive
merge_orbit_flip_d12_rw_r05000	orbital chain, p=0.12	05_binary_spiral/p012/merge_orbit_flip_d12_rw_r05000	ARCHIVED 2026-10-02 (00_archive/superseded_2026-10-02, raw + pack extract; superseded by the csm/lbf reruns)
merge_orbit_flip_d12_sg10_r05000	orbital chain, p=0.12	05_binary_spiral/p012/merge_orbit_flip_d12_sg10_r05000	ARCHIVED 2026-10-02 (00_archive/superseded_2026-10-02, raw + pack extract; superseded by the csm/lbf reruns)
merge_twin_p012_cf08_t060_r05000	orbital chain, p=0.12	05_binary_spiral/p012/merge_twin_p012_cf08_t060_r05000	ARCHIVED 2026-10-02 (00_archive/superseded_2026-10-02, raw + pack extract; superseded by the csm/lbf reruns)
merge_twin_p012_cf10_t060_r05000	orbital chain, p=0.12	05_binary_spiral/p012/merge_twin_p012_cf10_t060_r05000	ARCHIVED 2026-10-02 (00_archive/superseded_2026-10-02, raw + pack extract; superseded by the csm/lbf reruns)
merge_twin_p012_cf12_t060_r05000	orbital chain, p=0.12	05_binary_spiral/p012/merge_twin_p012_cf12_t060_r05000	ARCHIVED 2026-10-02 (00_archive/superseded_2026-10-02, raw + pack extract; superseded by the csm/lbf reruns)
merge_twin_p012_nodamp_cf10_t060	orbital chain, p=0.12	05_binary_spiral/p012/merge_twin_p012_nodamp_cf10_t060	ARCHIVED 2026-10-02 (00_archive/superseded_2026-10-02, raw + pack extract; superseded by the csm/lbf reruns)
merge_twin_p012_nodamp_t060	orbital chain, p=0.12	05_binary_spiral/p012/merge_twin_p012_nodamp_t060	ARCHIVED 2026-10-02 (00_archive/superseded_2026-10-02, raw + pack extract; superseded by the csm/lbf reruns)
ladder_L4_damped_r05000	refinement ladder	05_binary_spiral/p012_ladder/ladder_L4_damped_r05000	
ladder_L4_r05000	refinement ladder	05_binary_spiral/p012_ladder/ladder_L4_r05000	
ladder_L5_damped_r05000	refinement ladder	05_binary_spiral/p012_ladder/ladder_L5_damped_r05000	
ladder_L5_halfstep_r05000	refinement ladder	05_binary_spiral/p012_ladder/ladder_L5_halfstep_r05000	
ladder_L5_r05000	refinement ladder	05_binary_spiral/p012_ladder/ladder_L5_r05000	
ladder_L6_damped_r05000	refinement ladder	05_binary_spiral/p012_ladder/ladder_L6_damped_r05000	
ladder_L6_r05000	refinement ladder	05_binary_spiral/p012_ladder/ladder_L6_r05000	
ladder_L7_r05000	refinement ladder	05_binary_spiral/p012_ladder/ladder_L7_r05000	
freeze_narrow_late_t080_r05000	interior freeze, L=64	05_binary_spiral/p012_freeze/freeze_narrow_late_t080_r05000	ARCHIVED 2026-10-02 (00_archive/superseded_2026-10-02, raw + pack extract; superseded by the csm/lbf reruns)
freeze_narrow_t080_r05000	interior freeze, L=64	05_binary_spiral/p012_freeze/freeze_narrow_t080_r05000	ARCHIVED 2026-10-02 (00_archive/superseded_2026-10-02, raw + pack extract; superseded by the csm/lbf reruns)
freeze_narrow_t100_r08000	interior freeze, L=64	05_binary_spiral/p012_freeze/freeze_narrow_t100_r08000	ARCHIVED 2026-10-02 (00_archive/superseded_2026-10-02, raw + pack extract; superseded by the csm/lbf reruns)
freeze_wave_crosscheck_diag_r09000	interior freeze, L=64	05_binary_spiral/p012_freeze/freeze_wave_crosscheck_diag_r09000	ARCHIVED 2026-10-02 (00_archive/superseded_2026-10-02, raw + pack extract; superseded by the csm/lbf reruns)
freeze_wave_crosscheck_r09000	interior freeze, L=64	05_binary_spiral/p012_freeze/freeze_wave_crosscheck_r09000	ARCHIVED 2026-10-02 (00_archive/superseded_2026-10-02, raw + pack extract; superseded by the csm/lbf reruns)
freeze_wide_t080_r05000	interior freeze, L=64	05_binary_spiral/p012_freeze/freeze_wide_t080_r05000	ARCHIVED 2026-10-02 (00_archive/superseded_2026-10-02, raw + pack extract; superseded by the csm/lbf reruns)
freeze_wide_t100_r08000	interior freeze, L=64	05_binary_spiral/p012_freeze/freeze_wide_t100_r08000	ARCHIVED 2026-10-02 (00_archive/superseded_2026-10-02, raw + pack extract; superseded by the csm/lbf reruns)
merge_orbit_flip_d12_p015_lvl5_t060_r05000	wall probes	05_binary_spiral/p015/merge_orbit_flip_d12_p015_lvl5_t060_r05000	ARCHIVED 2026-10-02 (00_archive/superseded_2026-10-02, raw + pack extract; superseded by the csm/lbf reruns)
merge_orbit_flip_d12_p015_nofill_t060	wall probes	05_binary_spiral/p015/merge_orbit_flip_d12_p015_nofill_t060	ARCHIVED 2026-10-02 (00_archive/superseded_2026-10-02, raw + pack extract; superseded by the csm/lbf reruns)
merge_orbit_flip_d12_p015_rr_t060	wall probes	05_binary_spiral/p015/merge_orbit_flip_d12_p015_rr_t060	ARCHIVED 2026-10-02 (00_archive/superseded_2026-10-02, raw + pack extract; superseded by the csm/lbf reruns)
merge_orbit_flip_d12_p020_lvl5_t200	wall probes	05_binary_spiral/p020/merge_orbit_flip_d12_p020_lvl5_t200	ARCHIVED 2026-10-02 (00_archive/superseded_2026-10-02, raw + pack extract; superseded by the csm/lbf reruns)
merge_orbit_flip_d12_p020_nofill_t060	wall probes	05_binary_spiral/p020/merge_orbit_flip_d12_p020_nofill_t060	ARCHIVED 2026-10-02 (00_archive/superseded_2026-10-02, raw + pack extract; superseded by the csm/lbf reruns)
merge_orbit_flip_d12_p025_lvl5_t200	wall probes	05_binary_spiral/p025/merge_orbit_flip_d12_p025_lvl5_t200	ARCHIVED 2026-10-02 (00_archive/superseded_2026-10-02, raw + pack extract; superseded by the csm/lbf reruns)
v2_spiral_d12_p012_L128_lvl3_t050	production spiral, L=128	05_binary_spiral/p012_paper/v2_spiral_d12_p012_L128_lvl3_t050	ARCHIVED 2026-10-02 (00_archive/superseded_2026-10-02, raw + pack extract; superseded by the csm/lbf reruns)
v2_spiral_d12_p012_L128_lvl3_t050_mouths	production spiral, L=128	05_binary_spiral/p012_paper/v2_spiral_d12_p012_L128_lvl3_t050_mouths	ARCHIVED 2026-10-02 (00_archive/superseded_2026-10-02, raw + pack extract; superseded by the csm/lbf reruns)
v2_spiral_d12_p012_L128_lvl5_t100_freeze2_r05700	production spiral, L=128	05_binary_spiral/p012_paper/v2_spiral_d12_p012_L128_lvl5_t100_freeze2_r05700	ARCHIVED 2026-10-02 (00_archive/superseded_2026-10-02, raw + pack extract; superseded by the csm/lbf reruns)
v2_spiral_d12_p012_L128_lvl5_t100_freeze_r05700	production spiral, L=128	05_binary_spiral/p012_paper/v2_spiral_d12_p012_L128_lvl5_t100_freeze_r05700	ARCHIVED 2026-10-02 (00_archive/superseded_2026-10-02, raw + pack extract; superseded by the csm/lbf reruns)
v2_spiral_d12_p012_L128_lvl5_t150_prof_r03600	production spiral, L=128	05_binary_spiral/p012_paper/v2_spiral_d12_p012_L128_lvl5_t150_prof_r03600	ARCHIVED 2026-10-02 (00_archive/superseded_2026-10-02, raw + pack extract; superseded by the csm/lbf reruns)
v2_spiral_d12_p012_L128_lvl5from0_t100	production spiral, L=128	05_binary_spiral/p012_paper/v2_spiral_d12_p012_L128_lvl5from0_t100	ARCHIVED 2026-10-02 (00_archive/superseded_2026-10-02, raw + pack extract; superseded by the csm/lbf reruns)
merge_twin_p012_helfer_lvl4_t100	Helfer twins	05_binary_spiral/p012/merge_twin_p012_helfer_lvl4_t100	
merge_twin_p012_helfer_lvl5_t100	Helfer twins	05_binary_spiral/p012/merge_twin_p012_helfer_lvl5_t100	
merge_twin_p012_helfer_t100	Helfer twins	05_binary_spiral/p012/merge_twin_p012_helfer_t100	
merge_twin_p012_helfer_w2_t060	Helfer twins	05_binary_spiral/p012/merge_twin_p012_helfer_w2_t060	
merge_twin_p012_plain_t100	Helfer twins	05_binary_spiral/p012/merge_twin_p012_plain_t100	the Helfer twins' uncorrected reference
merge_orbit_flip_d12_p045_helfer_t090	Helfer twins	06_binary_flyby/p045/merge_orbit_flip_d12_p045_helfer_t090	
merge_headon_flip_d8_eta4_lvl5_t040_r03200	gauge arms	04_binary_headon/merge_headon_flip_d8_eta4_lvl5_t040_r03200	
merge_headon_flip_d8_eta4_t030	gauge arms	04_binary_headon/merge_headon_flip_d8_eta4_t030	
merge_headon_flip_d8_eta4_t050	gauge arms	04_binary_headon/merge_headon_flip_d8_eta4_t050	
merge_headon_flip_d8_lp2_t030	gauge arms	04_binary_headon/merge_headon_flip_d8_lp2_t030	
merge_twin_p012_eta4_t060	gauge arms	05_binary_spiral/p012/merge_twin_p012_eta4_t060	
merge_twin_p012_eta4_t100	gauge arms	05_binary_spiral/p012/merge_twin_p012_eta4_t100	
merge_twin_p012_lc1_t060	gauge arms	05_binary_spiral/p012/merge_twin_p012_lc1_t060	1+log with the lapse coefficient halved: moved from the orbital chain to the gauge arms
merge_twin_p012_lp2_t060	gauge arms	05_binary_spiral/p012/merge_twin_p012_lp2_t060	
merge_twin_p012_eta4_lvl5_t066_r05000	gauge arms	05_binary_spiral/p012/merge_twin_p012_eta4_lvl5_t066_r05000	
merge_twin_p012_eta4_lvl5_t066_r06000	gauge arms	05_binary_spiral/p012/merge_twin_p012_eta4_lvl5_t066_r06000	
stage1_lapse5	shakedown (archived)	01_single_throat/gauge/stage1_lapse5	
stage1_lapse5_sg00	shakedown (archived)	01_single_throat/gauge/stage1_lapse5_sg00	
stage1_lapse5_sg01	shakedown (archived)	01_single_throat/gauge/stage1_lapse5_sg01	
stage1_lapse6	shakedown (archived)	01_single_throat/gauge/stage1_lapse6	
stage1_lapse6_sg01	shakedown (archived)	01_single_throat/gauge/stage1_lapse6_sg01	
s15_lapse5_sg00_fg	shakedown (archived)	01_single_throat/grid/s15_lapse5_sg00_fg	
s15_lapse5_sg01_fg	shakedown (archived)	01_single_throat/grid/s15_lapse5_sg01_fg	
s15_lapse6_sg00_fg	shakedown (archived)	01_single_throat/grid/s15_lapse6_sg00_fg	
s16ml3_lapse5_sg01_fg	shakedown (archived)	01_single_throat/grid/s16ml3_lapse5_sg01_fg	
s1uni128_lapse5_sg01	shakedown (archived)	01_single_throat/grid/s1uni128_lapse5_sg01	
s1uni256_lapse5_sg01	shakedown (archived)	01_single_throat/grid/s1uni256_lapse5_sg01	
s20_boost_p02	shakedown (archived)	02_moving_throat/s20_boost_p02	ARCHIVED 2026-10-02 (00_archive/superseded_2026-10-02, raw + pack extract; superseded by the csm/lbf reruns): registry: 'Stage 2.0 shakedown' (moving-box tagger test, boosted throat); not cited -> shakedown
merge_headon_flip_d8_lp2_lvl5_t030_OOMFAIL_2026-09-22	-	04_binary_headon/merge_headon_flip_d8_lp2_lvl5_t030_OOMFAIL_2026-09-22	ARCHIVED 2026-10-02 (00_archive/aborted): dead launch: OOM at t=0, never evolved (speed 0)
autopsy_nodamp_r05000_HOOKFAIL_2026-09-08	-	05_binary_spiral/p012/autopsy_nodamp_r05000_HOOKFAIL_2026-09-08	ARCHIVED 2026-10-02 (00_archive/aborted): dead launch: harness hook failed, relaunched under the real name
merge_orbit_flip_d12_r05000.__keep	-	05_binary_spiral/p012/merge_orbit_flip_d12_r05000.__keep	copy: byte-identical duplicate of merge_orbit_flip_d12_r05000 (prune hold-back)
merge_twin_p012_cf12_t060_r05000.__keep	-	05_binary_spiral/p012/merge_twin_p012_cf12_t060_r05000.__keep	copy: byte-identical duplicate of merge_twin_p012_cf12_t060_r05000 (prune hold-back)
merge_twin_p012_lp2_t060_OOMFAIL_2026-09-21	-	05_binary_spiral/p012/merge_twin_p012_lp2_t060_OOMFAIL_2026-09-21	ARCHIVED 2026-10-02 (00_archive/aborted): dead launch: OOM at t=0, never evolved (speed 0)
freeze_narrow_late_t080_r05000.__keep	-	05_binary_spiral/p012_freeze/freeze_narrow_late_t080_r05000.__keep	ARCHIVED 2026-10-02 (00_archive/superseded_2026-10-02, raw + pack extract; superseded by the csm/lbf reruns): copy: byte-identical duplicate of freeze_narrow_late_t080_r05000 (prune hold-back)
ladder_L4_damped_r05000.__keep	-	05_binary_spiral/p012_ladder/ladder_L4_damped_r05000.__keep	copy: byte-identical duplicate of ladder_L4_damped_r05000 (prune hold-back)
ladder_L4_r05000.__keep	-	05_binary_spiral/p012_ladder/ladder_L4_r05000.__keep	copy: byte-identical duplicate of ladder_L4_r05000 (prune hold-back)
ladder_L5_damped_r05000.__keep	-	05_binary_spiral/p012_ladder/ladder_L5_damped_r05000.__keep	copy: byte-identical duplicate of ladder_L5_damped_r05000 (prune hold-back)
ladder_L5_halfstep_r05000.__keep	-	05_binary_spiral/p012_ladder/ladder_L5_halfstep_r05000.__keep	copy: byte-identical duplicate of ladder_L5_halfstep_r05000 (prune hold-back)
ladder_L5_r05000.__keep	-	05_binary_spiral/p012_ladder/ladder_L5_r05000.__keep	copy: byte-identical duplicate of ladder_L5_r05000 (prune hold-back)
ladder_L6_damped_r05000.__keep	-	05_binary_spiral/p012_ladder/ladder_L6_damped_r05000.__keep	copy: byte-identical duplicate of ladder_L6_damped_r05000 (prune hold-back)
ladder_L7_r05000.__keep	-	05_binary_spiral/p012_ladder/ladder_L7_r05000.__keep	copy: byte-identical duplicate of ladder_L7_r05000 (prune hold-back)
single_eps_p1e2_t250	-	01_single_throat/seed/single_eps_p1e2_t250	not cited; died at t = 145.81 (the box, not the throat -- registry); repacked whole and filed at its close-out, 2026-09-24, so its GPU time is outside the totals
single_pureq_q1e2_L128_ml4_scalar_t500	-	01_single_throat/seed/single_pureq_q1e2_L128_ml4_scalar_t500	not cited as a run (its own figure page, single_throat_inflation_L128); stopped by hand at t = 195.14 on the user's word 2026-09-24, not quotable past t ~ 100 (registry)
single_eps_p1e2_L128_ml4_t250	-	01_single_throat/seed/single_eps_p1e2_L128_ml4_t250	not cited; t250 TAKE 2, stopped by hand at t = 74.34 on the user's word 2026-09-24 -- its question is gone, the regrowth being numerical (registry)
single_eps_m1e2_L512_ml5_oct_t400	spherical kicks	01_single_throat/seed/single_eps_m1e2_L512_ml5_oct_t400	F4: the eps = -1e-2 inflation arm, L = 512 octant, level 5, 1+log, full-metric R; quoted to t = 218 (trust_windows.tsv), Fig. single_throat_inflation (2026-09-26)
v2_spiral_d12_p012_L128_lvl4_t100_freeze_r03600	-	08_convergence/v2_spiral_d12_p012_L128_lvl4_t100_freeze_r03600	ARCHIVED 2026-10-02 (00_archive/superseded_2026-10-02, raw + pack extract; superseded by the csm/lbf reruns): convergence study (CONV-3 = G9, 2026-09-27): the spiral legs at level 4; not counted in Table I until its results enter the paper
merge_headon_flip_d8_cs_lvl3_t030	constraint-solved data	04_binary_headon/merge_headon_flip_d8_cs_lvl3_t030	CS-1 (2026-09-27): the head-on scout on constraint-solved initial data (in-code solve, superposition's c), level 3 to t = 30; cited in Sec. model:solve
ctrl_rest_d18_csm	matched rest pairs	03_two_throats/csm/ctrl_rest_d18_csm	mode-3 rerun of ctrl_rest_d18 (2026-09-28; the rerun rule: only the data changed); cited in Secs. model:solve, pair:sign, pair:force since 2026-09-28
ctrl_rest_d12_csm	matched rest pairs	03_two_throats/csm/ctrl_rest_d12_csm	mode-3 rerun of ctrl_rest_d12 (2026-09-28; the rerun rule: only the data changed); cited in Secs. model:solve, pair:sign, pair:force since 2026-09-28
ctrl_flip_d12_csm	matched rest pairs	03_two_throats/csm/ctrl_flip_d12_csm	mode-3 rerun of ctrl_flip_d12 (2026-09-28; the rerun rule: only the data changed); cited in Secs. model:solve, pair:sign, pair:force since 2026-09-28
ctrl_rest_d14_csm	matched rest pairs	03_two_throats/csm/ctrl_rest_d14_csm	mode-3 rerun of ctrl_rest_d14 (2026-09-28; the rerun rule: only the data changed); cited in Secs. model:solve, pair:sign, pair:force since 2026-09-28
ctrl_rest_d16_csm	matched rest pairs	03_two_throats/csm/ctrl_rest_d16_csm	mode-3 rerun of ctrl_rest_d16 (2026-09-28; the rerun rule: only the data changed); cited in Secs. model:solve, pair:sign, pair:force since 2026-09-28
v2_spiral_d12_p012_L128_lvl5from0_t100_csm	d=12 arms, mode 3	05_binary_spiral/csm/v2_spiral_d12_p012_L128_lvl5from0_t100_csm	mode-3 rerun of v2_spiral_d12_p012_L128_lvl5from0_t100 (2026-09-28; the rerun rule: only the data changed); inflates instead of merging, stopped at t = 60.40 on the user's word; not cited yet
single_rest_csm_t050	boosted throat	02_moving_throat/csm/single_rest_csm_t050	momentum probe, control (2026-09-29): one mode-3 throat at rest, L = 64 level 3; stays put (R -0.05 % at t = 32); stopped at t = 32.27 on the user's word with the two boosted arms; not cited yet
single_boost_p012_csm_t050	boosted throat	02_moving_throat/csm/single_boost_p012_csm_t050	momentum probe p = 0.12 (2026-09-29): Bowen-York momentum with the scalar at rest inflates the throat (+9.9 % at t = 32, eps_eff ~ -0.15 %), a setup artefact; stopped at t = 32.97 on the user's word; not cited yet
single_boost_p045_csm_t050	boosted throat	02_moving_throat/csm/single_boost_p045_csm_t050	momentum probe p = 0.45 (2026-09-29): inflates (+24.2 % at t = 25, eps_eff ~ -1.8 %; past the scan edge from t = 26), a setup artefact; stopped at t = 32.64 on the user's word; not cited yet
t0_single_boost_p000_lbc	boosted throat	02_moving_throat/contraction_t0/t0_single_boost_p000_lbc	the contraction figure's t = 0 source (2026-09-29): one exact-boost throat (momentum model 1), p = 0, L = 64 level 3, stopped at t = 0.5 by design; its axis ratio matches 1/gamma to 3e-5 (boost_contraction_t0.tsv); not cited yet
t0_single_boost_p012_lbc	boosted throat	02_moving_throat/contraction_t0/t0_single_boost_p012_lbc	the contraction figure's t = 0 source (2026-09-29): one exact-boost throat (momentum model 1), p = 0.12, L = 64 level 3, stopped at t = 0.5 by design; its axis ratio matches 1/gamma to 3e-5 (boost_contraction_t0.tsv); not cited yet
t0_single_boost_p025_lbc	boosted throat	02_moving_throat/contraction_t0/t0_single_boost_p025_lbc	the contraction figure's t = 0 source (2026-09-29): one exact-boost throat (momentum model 1), p = 0.25, L = 64 level 3, stopped at t = 0.5 by design; its axis ratio matches 1/gamma to 3e-5 (boost_contraction_t0.tsv); not cited yet
t0_single_boost_p035_lbc	boosted throat	02_moving_throat/contraction_t0/t0_single_boost_p035_lbc	the contraction figure's t = 0 source (2026-09-29): one exact-boost throat (momentum model 1), p = 0.35, L = 64 level 3, stopped at t = 0.5 by design; its axis ratio matches 1/gamma to 3e-5 (boost_contraction_t0.tsv); not cited yet
t0_single_boost_p045_lbc	boosted throat	02_moving_throat/contraction_t0/t0_single_boost_p045_lbc	the contraction figure's t = 0 source (2026-09-29): one exact-boost throat (momentum model 1), p = 0.45, L = 64 level 3, stopped at t = 0.5 by design; its axis ratio matches 1/gamma to 3e-5 (boost_contraction_t0.tsv); not cited yet
single_boost_p045_lbf_t050	boosted throat	02_moving_throat/exact_boost/single_boost_p045_lbf_t050	one exact-boost throat (momentum model 1), p = 0.45, L = 64 level 3, the per-throat slicing freeze (2026-09-29): holds to t ~ 29, then collapses on its own unstable mode (tau 5.5-5.7 against the resting level-3 throat's 5.88); dies at t = 44.67. To be cited (the user, 2026-09-30)
t0_merge_orbit_flip_d12_p025_L128_lvl5_lbf_csm	solve verifications	06_binary_flyby/verify_p025/t0_merge_orbit_flip_d12_p025_L128_lvl5_lbf_csm	verification A of the p = 0.25 exact-boost fly-by (2026-09-29): its own template stopped at t = 0.5 on the production grid; mouths +0.09 %, far sides matched
check_flyby_d12_p025_lbf_csm_t020	solve verifications	06_binary_flyby/verify_p025/check_flyby_d12_p025_lbf_csm_t020	verification B of the p = 0.25 exact-boost fly-by (2026-09-29): the same pair on the L = 64 level-3 grid to t = 20; its level-0 constraint spikes are the pit cells
t0_v2_spiral_d12_p012_L128_lvl5_lb_csm	solve verifications	05_binary_spiral/verify_p012/t0_v2_spiral_d12_p012_L128_lvl5_lb_csm	verification A of the p = 0.12 exact-boost spiral rerun (2026-09-30): its own template stopped at t = 0.5 on the production grid; mouths +0.02 %, far sides matched to 4e-6; setup check, not cited
merge_headon_flip_d8_v1_L128_lvl5from0_scalar_chk_t100_csm	head-on, mode 3	04_binary_headon/csm/merge_headon_flip_d8_v1_L128_lvl5from0_scalar_chk_t100_csm	mode-3 production head-on, leg 1 (2026-09-29): level 5 from t = 0 on L = 128, checkpointed; died at t = 38.845 at the merged core inside the common MOTS, as its uncheckpointed twin; the chain's t = 0-35
merge_headon_flip_d8_v1_L128_lvl6from35_scalar_chk_t100_csm_r03500	head-on, mode 3	04_binary_headon/csm/merge_headon_flip_d8_v1_L128_lvl6from35_scalar_chk_t100_csm_r03500	mode-3 production head-on, leg 2 (2026-09-29): leg 1's t = 35 checkpoint at max_level 6, through the t = 38.85 wall; stopped by hand at t = 50.80; the chain's t = 35-50
merge_headon_flip_d8_v1_L128_lvl4from50_scalar_t100_csm_r05000	head-on, mode 3	04_binary_headon/csm/merge_headon_flip_d8_v1_L128_lvl4from50_scalar_t100_csm_r05000	mode-3 production head-on, leg 3 (2026-09-30): leg 2's t = 50 checkpoint down-stepped to max_level 4; reached t = 100, no NaN; the chain's t = 50-100; level-1 noise from t ~ 65 (wave spheres R <= 20 to t = 80)
merge_headon_flip_d8_v1_L128_lvl4from50_sig03_t080_csm_r05000	convergence, mode 3	08_convergence/merge_headon_flip_d8_v1_L128_lvl4from50_sig03_t080_csm_r05000	dissipation test (NOISE-1, 2026-09-30): the mode-3 head-on's leg 3 again from t = 50 with Kreiss-Oliger sigma 0.3 against 0.1, to t = 80; the level-1 noise does not grow; not counted in Table I
single_boost_p045_lbf_ml4_t060	boosted throat	02_moving_throat/exact_boost/single_boost_p045_lbf_ml4_t060	level-4 twin of single_boost_p045_lbf_t050 (2026-09-30): the same exact-boost throat (p = 0.45, the per-throat slicing freeze), L = 64 level 4: collapses on its own unstable mode like the level-3 run (the resting level-4 throat inflates), 4 units later; dies at t = 53.43
merge_headon_flip_d8_v1_L128_lvl4from50_hfl_t060_csm_r05000	head-on, mode 3	04_binary_headon/first_law/merge_headon_flip_d8_v1_L128_lvl4from50_hfl_t060_csm_r05000	first-law window (HFL-ho, 2026-10-01): the mode-3 head-on's leg 3 again over t = 50-60 with every plotfile kept, for the common horizon's area change against the scalar flux and the shear through it; not counted in Table I
merge_headon_flip_d8_v1_L128_lvl4from50_motse2e_t055_csm_r05000	head-on, mode 3	04_binary_headon/first_law/merge_headon_flip_d8_v1_L128_lvl4from50_motse2e_t055_csm_r05000	validation (MOTS-e2e, 2026-10-01): leg 3 replayed over t = 50-55 with the consumer's spectral MOTS on; its rows equal HFL-ho's offline analysis; not counted in Table I
spiral_d12_pin025_lvl3_t040_lbf_csm	d=12 arms, mode 3	05_binary_spiral/scout_merger/spiral_d12_pin025_lvl3_t040_lbf_csm	diagnostic (SCOUT-d12pin, 2026-10-01): inward-momentum merger scout at d = 12; no merger, inflation wins; not counted in Table I
spiral_d8_p010_lvl3_t040_lbf_csm	merger chain, d=6	05_binary_spiral/scout_merger/spiral_d8_p010_lvl3_t040_lbf_csm	diagnostic (SCOUT-d8p, 2026-10-01): the collapsing-spiral design point -- d = 6 (misnamed d8: centers +-3), p = 0.10 tangential MERGES (common MOTS t = 12.5-20.5); level-3 scout, superseded by the level-5 production; not counted in Table I
v2_spiral_d12_p012_L128_lvl5from0_t100_lb_csm	d=12 arms, mode 3	05_binary_spiral/lbf/v2_spiral_d12_p012_L128_lvl5from0_t100_lb_csm	production (SPIRAL-lbf, 2026-09-30/10-01): the boosted-setup spiral rerun; inflates, no merger, dies t = 71.78; trust t <= 56.5; the mode-3 spiral verdict pending the paper rewrite
spiral_d6_p010_L128_lvl5from0_t060_lbf_csm	merger chain, d=6	05_binary_spiral/merger_d6/spiral_d6_p010_L128_lvl5from0_t060_lbf_csm	THE MERGER RUN leg 1 (SPIRAL-d6-prod, 2026-10-02): d = 6 p = 0.10 at production, common MOTS t = 13-26; not counted in Table I until the paper cites it
spiral_d6_p010_L128_lvl6from25_t060_lbf_csm_r02500	merger chain, d=6	05_binary_spiral/merger_d6/spiral_d6_p010_L128_lvl6from25_t060_lbf_csm_r02500	THE MERGER RUN leg 2 (D6-lvl6, 2026-10-02): lvl6 from Chk02500 through the K wall, MOTS t = 26-29, died t = 29.407 single-cell h11 NaN; trust t <= 29.4; for the ladder figure
merge_headon_flip_d8_v1_L128_lvl5from0_mots_t035_csm	head-on, mode 3	04_binary_headon/mots/merge_headon_flip_d8_v1_L128_lvl5from0_mots_t035_csm	MOTS-ho1 (2026-10-02): the head-on leg 1 re-measured with the 3D finder, t = 0-35; horizon birth t = 18 (R 5.634, M_MS 2.817), settling to R 4.789 at t = 35; feeds the Fig. 5 / par VI re-measure
spiral_d6_p010_L128_lvl7from25_t060_lbf_csm_r02500	merger chain, d=6	05_binary_spiral/merger_d6/spiral_d6_p010_L128_lvl7from25_t060_lbf_csm_r02500	THE MERGER RUN leg 3 diagnostic (D6-lvl7, 2026-10-02): lvl7 from Chk02500 died t = 27.53, the core h11 NaN two units EARLIER than lvl6 -- resolution does not cure the core instability; uncited
merge_orbit_flip_d12_p025_L128_lvl5_t100_lbf_csm	fly-by and E_GW scan	06_binary_flyby/merge_orbit_flip_d12_p025_L128_lvl5_t100_lbf_csm	FLYBY-lbf (2026-09-30/10-02): the p = 0.25 fly-by rerun on boosted mode-3 data, t = 100, scatter (closest 2.33 at t ~ 47, no common MOTS); trust 63.3; the E_GW(p) ladder and the fly-by section
single_eps_p1e1_t100_csm	constraint-solved data	01_single_throat/seed/single_eps_p1e1_t100_csm	SEED-csm (2026-10-02): the +10% kick on solved data (mode-2 puncture coefficient), born trapped (MOTS at t = 0, R 4.306 -> 3.039 at 31.5); the solve keeps the kick; stopped 31.5 on the user's word
ctrl_rest_a1_csm	matched rest pairs	03_two_throats/csm/ctrl_rest_a1_csm	A1-csm (2026-10-02): the a = 1 matched rest pair at d = 12, t = 15, for Fig. 4(a) width arm on mode-3 data; clean to stop (Ham 8.7e-3 probe class, no NaN)
bbh_headon_d8_L128_lvl5_t100	vacuum BBH	07_bbh_control/bbh_headon_d8_L128_lvl5_t100	BBH-HEADON (2026-10-02): the vacuum control for the head-on, bare punctures d = 8 from rest to t = 100 (per-hole ADM 1.00), for Fig. 5 and the energy comparison
place_d6_step1_csm	matched placement	04_binary_headon/placement_csm/place_d6_step1_csm	PLACE-csm probe (2026-10-02): the matched placement curve, one step, solve verified
place_d65_step1_csm	matched placement	04_binary_headon/placement_csm/place_d65_step1_csm	PLACE-csm probe (2026-10-02): the matched placement curve, one step, solve verified
place_d7_step1_csm	matched placement	04_binary_headon/placement_csm/place_d7_step1_csm	PLACE-csm probe (2026-10-02): the matched placement curve, one step, solve verified
place_d75_step1_csm	matched placement	04_binary_headon/placement_csm/place_d75_step1_csm	PLACE-csm probe (2026-10-02): the matched placement curve, one step, solve verified
place_d8_step1_csm	matched placement	04_binary_headon/placement_csm/place_d8_step1_csm	PLACE-csm probe (2026-10-02): the matched placement curve, one step, solve verified
place_d10_step1_csm	matched placement	04_binary_headon/placement_csm/place_d10_step1_csm	PLACE-csm probe (2026-10-02): the matched placement curve, one step, solve verified
place_d12_step1_csm	matched placement	04_binary_headon/placement_csm/place_d12_step1_csm	PLACE-csm probe (2026-10-02): the matched placement curve, one step, solve verified
place_d14_step1_csm	matched placement	04_binary_headon/placement_csm/place_d14_step1_csm	PLACE-csm probe (2026-10-02): the matched placement curve, one step, solve verified
place_d16_step1_csm	matched placement	04_binary_headon/placement_csm/place_d16_step1_csm	PLACE-csm probe (2026-10-02): the matched placement curve, one step, solve verified
place_d18_step1_csm	matched placement	04_binary_headon/placement_csm/place_d18_step1_csm	PLACE-csm probe (2026-10-02): the matched placement curve, one step, solve verified
place_d20_step1_csm	matched placement	04_binary_headon/placement_csm/place_d20_step1_csm	PLACE-csm probe (2026-10-02): the matched placement curve, one step, solve verified
place_d24_step1_csm	matched placement	04_binary_headon/placement_csm/place_d24_step1_csm	PLACE-csm probe (2026-10-02): the matched placement curve, one step, solve verified
place_d28_step1_csm	matched placement	04_binary_headon/placement_csm/place_d28_step1_csm	PLACE-csm probe (2026-10-02): the matched placement curve, one step, solve verified
place_d32_step1_csm	matched placement	04_binary_headon/placement_csm/place_d32_step1_csm	PLACE-csm probe (2026-10-02): the matched placement curve, one step, solve verified
place_d36_step1_csm	matched placement	04_binary_headon/placement_csm/place_d36_step1_csm	PLACE-csm probe (2026-10-02): the matched placement curve, one step, solve verified
place_d40_step1_csm	matched placement	04_binary_headon/placement_csm/place_d40_step1_csm	PLACE-csm probe (2026-10-02): the matched placement curve, one step, solve verified
place_d44_step1_csm	matched placement	04_binary_headon/placement_csm/place_d44_step1_csm	PLACE-csm probe (2026-10-02): the matched placement curve, one step, solve verified
place_d48_step1_csm	matched placement	04_binary_headon/placement_csm/place_d48_step1_csm	PLACE-csm probe (2026-10-02): the matched placement curve, one step, solve verified
ctrl_rest_a15_csm	matched rest pairs	03_two_throats/csm/ctrl_rest_a15_csm	A15-csm (2026-10-02): the a = 1.5 matched rest pair at d = 12, t = 15, the width-ladder arm for Fig. 4(a)
ctrl_rest_a3_csm	matched rest pairs	03_two_throats/csm/ctrl_rest_a3_csm	A3-csm (2026-10-02): the a = 3 matched rest pair at d = 12, t = 15, the width-ladder arm for Fig. 4(a)
merge_orbit_flip_d12_p060_L128_lvl4_t040_lbf_csm	fly-by and E_GW scan	06_binary_flyby/merge_orbit_flip_d12_p060_L128_lvl4_t040_lbf_csm	EGW-p06 (2026-10-03): the p = 0.60 arm of E_GW(p), d = 12 lvl4 to t = 40 -- a plunge; no converged common MOTS by 40, extension running
spiral_d6_p010_L128_lvl4from35_t100_lbf_csm_r03500	merger chain, d=6	05_binary_spiral/merger_d6/spiral_d6_p010_L128_lvl4from35_t100_lbf_csm_r03500	D6 settle leg (2026-10-03): the chain's lvl4 leg t = 35-100, pre-wall numerics, clean to the end
spiral_d6_p010_L128_lvl5from25_sig10_t060_lbf_csm_r02500	merger chain, d=6	05_binary_spiral/merger_d6/spiral_d6_p010_L128_lvl5from25_sig10_t060_lbf_csm_r02500	D6 sigma leg (2026-10-02): sigma 1.0 from Chk02500 clears the K wall and the lvl5 wall, dies t = 30.53 at the core cell -- sigma delays, min_chi cures; its Chk03000 is the chi leg's restart
spiral_d6_p010_L128_lvl5from30_sig10_chi1e4_t060_lbf_csm_r03000	merger chain, d=6	05_binary_spiral/merger_d6/spiral_d6_p010_L128_lvl5from30_sig10_chi1e4_t060_lbf_csm_r03000	D6 chi leg (2026-10-02): min_chi 1e-4 crossing leg t = 30-36.62 -- the floor cures the single-cell h11 wall
v2_spiral_d12_p012_L128_lvl4from0_t100_csm	convergence, mode 3	08_convergence/v2_spiral_d12_p012_L128_lvl4from0_t100_csm	CONV-csm (2026-10-03): the solved spiral at max_level 4 from t = 0, the level-4-vs-5 convergence arm; no frames/movies (the 08_convergence exception)
merge_orbit_flip_d12_p060_L128_lvl4_t100_lbf_csm_r04000	fly-by and E_GW scan	06_binary_flyby/merge_orbit_flip_d12_p060_L128_lvl4_t100_lbf_csm_r04000	EGW-p06 extension (2026-10-03): the p = 0.60 plunge t = 40-55.52, died at the merged-core h11 wall (the d6 class); no converged common MOTS at lvl4
merge_headon_flip_d8_v1_L128_lvl6from35_mots_t050_csm_r03500	head-on, mode 3	04_binary_headon/mots/merge_headon_flip_d8_v1_L128_lvl6from35_mots_t050_csm_r03500	MOTS-ho2 (2026-10-03): the head-on chain leg 2 replayed with the 3D finder t = 35-50 -- the true horizon history's middle window
merge_orbit_flip_d12_p060_L128_lvl4from50_chi1e4_t100_lbf_csm_r05000	fly-by and E_GW scan	06_binary_flyby/merge_orbit_flip_d12_p060_L128_lvl4from50_chi1e4_t100_lbf_csm_r05000	P060 chi leg (2026-10-04): the plunge carried through the wall to t = 100 on the chi floor -- no horizon converges at lvl4, the remnant stays marginally untrapped
merge_orbit_flip_d12_p090_L128_lvl4_t040_lbf_csm	fly-by and E_GW scan	06_binary_flyby/merge_orbit_flip_d12_p090_L128_lvl4_t040_lbf_csm	EGW-p09 (2026-10-04): the p = 0.90 far-side point t = 0-40 -- a third plunge, burst cut mid-flight at stop 40; the chi1e4 extension carries it
merge_headon_flip_d8_v1_L128_lvl4from50_mots_t100_csm_r05000	head-on, mode 3	04_binary_headon/mots/merge_headon_flip_d8_v1_L128_lvl4from50_mots_t100_csm_r05000	MOTS-ho3 (2026-10-04): the head-on chain leg 3 replayed with the 3D finder t = 50-100 -- completes the true horizon history
merge_orbit_flip_d12_p090_L128_lvl4from40_chi1e4_t100_lbf_csm_r04000	fly-by and E_GW scan	06_binary_flyby/merge_orbit_flip_d12_p090_L128_lvl4from40_chi1e4_t100_lbf_csm_r04000	P09 chi leg (2026-10-04): the p = 0.90 merger at lvl4 dies at t = 45.27 in a K runaway the chi floor cannot cure -- the floor is not the knob for this wall
merge_orbit_flip_d12_p045_L128_lvl4_t100_lbf_csm	fly-by and E_GW scan	06_binary_flyby/merge_orbit_flip_d12_p045_L128_lvl4_t100_lbf_csm	P045 death clock (2026-10-05): p = 0.45 survives to t = 100 with NO wall -- the plunge boundary sits in (0.45, 0.60); closest approach 2.45 at t = 47, no MOTS
merge_orbit_flip_d12_p060_L128_lvl5from40_chi1e4_t060_lbf_csm_r04000	fly-by and E_GW scan	06_binary_flyby/merge_orbit_flip_d12_p060_L128_lvl5from40_chi1e4_t060_lbf_csm_r04000	P060 lvl5 horizon-check (2026-10-05): no MOTS converges t = 40-60 at level 5 either -- the chi-leg stall is physical, not a lvl4 artefact
v2_spiral_d12_p012_L128_lvl4w_t040_csm	convergence, mode 3	08_convergence/v2_spiral_d12_p012_L128_lvl4w_t040_csm	CONV-csm-w (2026-10-05): the wave zone refined to level 1 (R = 28 ball) changes the extracted waveform by at most 0.15% of peak -- base-grid extraction vindicated
