# Run registry for the packed merger campaign -- ONE line per run, in the order the
# campaign reads in.  Tab-separated: run, what is different, caveat appended to the
# outcome, stopped-by-hand note ({t:.2f} is the last time).  Read by
# analysis/make_summary.py; the launcher appends a line when WHM_WHAT is set at
# launch (research/merger/closeout.sh warns about any run missing here).
# Lines starting with # are comments.
#run	what_is_different	caveat	stopped_note

# The 2026-08-31 arms: the restart chain of the main run, then its one-knob probes.
merge_orbit_flip_d12_r03000	main arm, no damping (its __part1 files are t = 0 -> 30.5)		
merge_orbit_flip_d12_r05000	narrow lapse window (1e-6 -> 1e-8, the built-in default)		
merge_orbit_flip_d12_r04000	wide lapse window (3e-2 -> 1e-3), full metric plotted		
merge_orbit_flip_d12_sg10_r05000	wide lapse window, dissipation sigma 0.1 -> 1.0		
merge_orbit_flip_d12_rw_r05000	radius window: full inside r = 0.5, off by 0.7, from t = 33		
merge_headon_flip_d12	head-on: no orbital momentum		
merge_orbit_flip_d12_p045	momentum 0.45 instead of 0.12		
merge_orbit_flip_d12_n160	160 cells per side instead of 128		
merge_orbit_flip_d12_ml2	max_level = 2 instead of 3		

# The capture scan (2026-09-02): same template, damping on, stop_time 200.
merge_orbit_flip_d12_p020_t200	scout p = 0.20: captured, stopped by hand at t = 47.8		
merge_orbit_flip_d12_p025_t200	scout p = 0.25: captured to sep 1.5, h11 NaN		
merge_orbit_flip_d12_p035_t200	scout p = 0.35: fly-by (min sep 2.75), stopped by hand		
merge_orbit_flip_d12_p045_t200	scout p = 0.45: fly-by, the healthy control at t200		

# The Helfer twins (2026-09-02/03): p = 0.12, identical but for initial data.
merge_twin_p012_plain_t100	p = 0.12 twin, plain superposition: merged, stopped by hand at t = 44		
merge_twin_p012_helfer_t100	p = 0.12 twin, Helfer correction (auto width 4): stalled, zombie, stopped at t = 60.3		
merge_twin_p012_helfer_lvl4_t100	Helfer twin at max_level = 4: reproduces the stall, stopped by hand		
merge_twin_p012_helfer_lvl5_t100	Helfer twin at max_level = 5: stalled the same, stopped at t = 31.5		
merge_twin_p012_helfer_w2_t060	Helfer twin, window halved to 2.0: stalled worse (sep 5.10 at t = 32 gate), stopped at t = 33.1		

# The unmasked wall probes (2026-09-03).
merge_orbit_flip_d12_p020_nofill_t060	p = 0.20 unmasked, damping off: hovered at sep 1.08 from t = 46, NaN at t = 52.08		
merge_orbit_flip_d12_p020_lvl5_t200	scout p = 0.20 at max_level = 5: same wall as level 3, NaN (h11) at t = 52.07		
merge_orbit_flip_d12_p025_lvl5_t200	scout p = 0.25 at max_level = 5: same wall as level 3, NaN (h11) at t = 52.79		
merge_orbit_flip_d12_p015_nofill_t060	scout p = 0.15 unmasked: fusing branch (plateau 0.816, dive to 0.70, core lapse rising) but pits not coincident when the wall hit at t = 53.35		
merge_orbit_flip_d12_p015_rr_t060	p = 0.15 rerun with insured checkpoints: wall reproduced at the same step (t = 53.35); the t = 50 seed for the phase-2 refinement is held		
merge_orbit_flip_d12_p015_lvl5_t060_r05000	p = 0.15 refined restart (max_level 5 from the t = 50 seed): wall pushed only +0.88 (h11 NaN t = 54.23), no trapped surface at death, waveform still rising at 3.14e-2 -- wall-cut mid-fusion a third time		

# The floor ladder (#16, 2026-09-04): chi_floor rungs restarted from the t = 50 seed.
merge_twin_p012_cf08_t060_r05000	floor ladder rung chi_floor 1e-8 (the reference control), restart from t = 50 with levels 4-5: healthy to t = 55.53 (h11 NaN, level 5) -- longest-lived p012 arm; level-5 scan holds a trapped shell r = 0.94 -> 0.90 over its last unit		
merge_twin_p012_cf10_t060_r05000	floor ladder rung chi_floor 1e-10: NaN 0.006 after restart -- the t = 50 state is floor-regularized, restarts cannot certify floor-independence		
merge_twin_p012_cf12_t060_r05000	floor ladder rung chi_floor 1e-12: NaN 0.049 after restart -- same verdict as cf10		
merge_twin_p012_nodamp_cf10_t060	the decisive floor test: damping off AND min_chi 1e-10 from t = 0 (not a restart): NaN at t = 44.94, 6.6 units before the damping-off arm's wall at 51.53 -- a lower floor brings the wall forward, it does not remove it		

# The #8 scalar-charge ladder (2026-09-04): rest-release arms, radius only.
ctrl_rest_a15	repulsion a-point a = 1.5, released from rest at d = 12, identical to the a = 1 / a = 2 controls but for the throat radius: clean to t = 15, separated 0.283 by t = 11 (1.9x the a = 1 arm, against 2.25 predicted)		
ctrl_rest_a3	repulsion a-point a = 3, same recipe: clean to t = 15, separated 0.615 by t = 11 -- only 4.2x the a = 1 arm against 9x predicted, so the a^2 magnitude law overshoots badly at wide throats		
ctrl_rest_d14	separation ladder rung d = 14, released from rest with a = 2 and m = 1 fixed so ONLY the gap differs from the d = 12 control: clean to t = 15, separated 0.3699 by t = 11.5		
ctrl_rest_d16	separation ladder rung d = 16, same recipe: clean to t = 15, separated 0.2980 by t = 11.5		
ctrl_rest_d18	separation ladder rung d = 18, same recipe: clean to t = 15, separated 0.2438 by t = 11.5 -- the blind test of the offset law fitted on d = 12/14/16, which predicted 0.243 against pure 1/d^2's 0.209		

# Stage 0 of the external audit (2026-09-04): the isolated-throat control.
single_hold_t100	ONE drainhole throat, exact static data, at rest, production settings (max_level 3, sigma 0.1), t = 100 -- the decisive test of whether the 44-56 unit wall is the Gonzalez-Guzman-Sarbach radial mode of the constituent rather than a binary effect: the exact solution is a fixed point, so every deviation is error or instability with no physics mixed in	-- but areal_radius.dat is readable only to t = 65 (scan clipped); the chi floor at t = 61.3 is shown not to matter by its twin single_hold_chireg_t100; see single_throat/INSTABILITY.md and BRANCHES.md	

# Phase 2 of the forward plan (2026-09-08): one-knob twins of single_hold_t100 (the resolution ladder, the chi twins, the time-step bracket) and the NaN autopsy.
single_hold_ml2_t100	single_hold_t100 with max_level 2 (dx 0.125 at the origin instead of 0.0625): h11 NaN on level 2 at t = 24.17 while the throat radius still sits at +0.12 % of exact -- the origin death is a resolution artefact and the throat is innocent		
single_hold_ml2_chireg_t100	single_hold_ml2_t100 with the chi regularisation on (chi_rhs_floor 1e-8, min_chi 1e-20): K NaN on level 2 at t = 24.13 against 24.17, origin chi through 1e-8 at t = 8.95 in both, throat radius within 2e-4 of the reference to the end -- the grid killed ml2, not the clamp		
single_hold_chireg_t100	single_hold_t100 with the chi regularisation on (chi_rhs_floor 1e-8, min_chi 1e-20): equal to the reference to 10 digits until the origin reaches the floor at t = 61.3, within 0.3 % in the norms during the 1.4-unit floor event, equal to 4 digits at t = 100 -- the floor is not load-bearing; collapse branch, marginally trapped surface R 3.23 (t = 61) -> 2.37 (t = 100)	-- same clipping of areal_radius.dat past t = 65 as its reference; the kept plotfiles are read in single_throat/BRANCHES.md instead	
single_hold_ml4_t100	single_hold_t100 with max_level 4 (dx 0.03125 at the origin): clean to t = 100, origin chi never below 2.4e-8; the SAME unstable mode at the same rate to 9 % (tau 5.26 vs 5.88) with the OPPOSITE sign -- the throat inflates, R_min 3.89 -> 10.0, no horizon, an anti-trapped shell growing around it	-- on the INFLATION branch: throat radius 3.89 -> 10.0 by t = 100, no horizon; a fate at one resolution is not the physics (BRANCHES.md)	
single_hold_ml4_lowfloor_t100	single_hold_ml4_t100 with min_chi 5e-10 instead of 1e-8: byte-identical to it on every stream -- the floor never engaged at level 4	-- byte-identical to single_hold_ml4_t100 (inflation branch)	
single_hold_dt01_t070	single_hold_t100 with dt_multiplier 0.1 instead of 0.02 (Courant 0.1), to t = 70: 4.8x faster and bit-identical to t ~ 10, then a slow blow-up at the compactified origin, lapse floored at t = 16.0, h11 NaN at t = 16.07		
single_hold_dt005_t070	single_hold_t100 with dt_multiplier 0.05 (Courant 0.05), to t = 70: reaches stop_time with no NaN but is NOT the same solution -- identical to the 0.02 reference to t ~ 30, then max|K| 30x by t = 35, L2_Ham 35x by t = 40 (reference flat), lapse floored at t = 61.1, throat 4 % smaller at t = 69	-- but NOT the dt = 0.02 solution past t ~ 33: max|K| 30x and L2_Ham 35x the reference by t = 40, lapse floored at t = 61.1	
autopsy_nodamp_r05000_HOOKFAIL_2026-09-08	the same restart with the report silently disarmed (params key read without its evolution. prefix): identical death, no report -- kept as the evidence behind the fix in SimulationParametersBase.hpp		
autopsy_nodamp_r05000	restart of merge_twin_p012_nodamp_t060 from its t = 50 checkpoint with the per-cell NaN autopsy report armed: dies at the same step as the original (t = 51.53, h11 NaN on level 3) and the report names the cells -- ~0.8 units off the merged core, 16+ cells from any patch edge, every field overflowed to finite 1e+88..1e+163 in one step and only A_ij true NaN		
merge_twin_p012_lc1_t060	gauge arm (#15), lapse_coeff 2 -> 1: blob and plunge intact (sep 0.442) but the wall moved to t = 43.64 -- wall time is gauge, not physics		
merge_twin_p012_nodamp_t060	damping-off arm (#14): blob nucleates identically without damping (t = 32 slices match plain to 3 decimals); wall at t = 51.53 vs plain 52.06 -- damping neither causes nor delays the wall		

# Vacuum controls and runs stopped by hand.
bbh_control_d12_p012	vacuum BBH control, same ADM masses/d/p as p012: merged t ~ 70, clean to t = 100		
bbh_control_d12_p012_t150	BBH control rerun to t = 150, fixed-center consumer: full ringdown in hand, instruments agree to 0.3 %, QNM fit consistent with a Kerr remnant (~15.6M / ~14.2M at R = 30)		
merge_orbit_flip_d12_p045_helfer_t090			stopped by request at t = {t:.2f} of 90, clean (B6 answered early: the corrected arm departs from its plain twin at t ~ 30 and grows 5x by t = 37 against a flat baseline)
merge_headon_flip_d8_v1_t100	V1 scout (Phase 3): two exact drainhole throats head-on from rest at d = 8, one scalar sign flipped, level 3 with the chi regularisation of the twin (chi_rhs_floor 1e-8, min_chi 1e-20), NaN autopsy armed, no checkpoints, five-field frames and the horizon scan on -- from NaN to a black hole? contact expected t ~ 17, the lone throat's own decay from t ~ 35	the live common horizon scan runs on level 1 (dr 0.08) and lost the MOTS at t = 23-25; horizon_offline_scan.dat (level 3) is the record	NaN at t = 26.91 (h11, level 3, one-step overflow 0.9 from the midpoint, 16 cells from any grid edge): contact t ~ 20, common MOTS from t = 22 growing to t = 24 then shrinking (R 5.71 -> 4.72 by t = 26), chi at the midpoint on the 1e-20 floor from t ~ 24.5, K there doubling every 0.3 units from t ~ 25.3 -- a black hole first, the wall five units later
# Placement probes for the V1 scout (2026-09-09 02:06-02:48, card 1, foreground, three batches: d 6-8, 10-14, 16-48): one step each, scanned at t = 0 only -> PLACEMENT_CURVE.md
place_d8_step1	placement probe for the V1 scout: the scout's two throats at rest at d = 8, one step; per-mouth radius at t = 0 only (placement curve, subtracted from the scout's pre-contact readings)		
place_d75_step1	placement probe for the V1 scout: the scout's two throats at rest at d = 7.5, one step; per-mouth radius at t = 0 only (placement curve, subtracted from the scout's pre-contact readings)		
place_d7_step1	placement probe for the V1 scout: the scout's two throats at rest at d = 7, one step; per-mouth radius at t = 0 only (placement curve, subtracted from the scout's pre-contact readings)		
place_d65_step1	placement probe for the V1 scout: the scout's two throats at rest at d = 6.5, one step; per-mouth radius at t = 0 only (placement curve, subtracted from the scout's pre-contact readings)		
place_d6_step1	placement probe for the V1 scout: the scout's two throats at rest at d = 6, one step; per-mouth radius at t = 0 only (placement curve, subtracted from the scout's pre-contact readings)		
place_d10_step1	placement probe for the V1 scout: the scout's two throats at rest at d = 10, one step; per-mouth radius at t = 0 only (placement curve, subtracted from the scout's pre-contact readings)		
place_d12_step1	placement probe for the V1 scout: the scout's two throats at rest at d = 12, one step; per-mouth radius at t = 0 only (placement curve, subtracted from the scout's pre-contact readings)		
place_d14_step1	placement probe for the V1 scout: the scout's two throats at rest at d = 14, one step; per-mouth radius at t = 0 only (placement curve, subtracted from the scout's pre-contact readings)		
place_d16_step1	placement probe for the V1 scout: the scout's two throats at rest at d = 16, one step; per-mouth radius at t = 0 only (placement curve, subtracted from the scout's pre-contact readings)		
place_d18_step1	placement probe for the V1 scout: the scout's two throats at rest at d = 18, one step; per-mouth radius at t = 0 only (placement curve, subtracted from the scout's pre-contact readings)		
place_d20_step1	placement probe for the V1 scout: the scout's two throats at rest at d = 20, one step; per-mouth radius at t = 0 only (placement curve, subtracted from the scout's pre-contact readings)		
place_d24_step1	placement probe for the V1 scout: the scout's two throats at rest at d = 24, one step; per-mouth radius at t = 0 only (placement curve, subtracted from the scout's pre-contact readings)		
place_d28_step1	placement probe for the V1 scout: the scout's two throats at rest at d = 28, one step; per-mouth radius at t = 0 only (placement curve, subtracted from the scout's pre-contact readings)		
place_d32_step1	placement probe for the V1 scout: the scout's two throats at rest at d = 32, one step; per-mouth radius at t = 0 only (placement curve, subtracted from the scout's pre-contact readings)		
place_d36_step1	placement probe for the V1 scout: the scout's two throats at rest at d = 36, one step; per-mouth radius at t = 0 only (placement curve, subtracted from the scout's pre-contact readings)		
place_d40_step1	placement probe for the V1 scout: the scout's two throats at rest at d = 40, one step; per-mouth radius at t = 0 only (placement curve, subtracted from the scout's pre-contact readings)		
place_d44_step1	placement probe for the V1 scout: the scout's two throats at rest at d = 44, one step; per-mouth radius at t = 0 only (placement curve, subtracted from the scout's pre-contact readings)		
place_d48_step1	placement probe for the V1 scout: the scout's two throats at rest at d = 48, one step; per-mouth radius at t = 0 only (placement curve, subtracted from the scout's pre-contact readings)		
merge_headon_flip_d8_v1b_freeze_t100	V1b freeze arm (Phase 3, queue 1c): the V1 scout re-run to t = 100 with the smooth interior fill engaged at t = 22.5 (r_full 1.2, r_start 2.0 -- inside the common trapped surface at r = 3.17, outside the scout's failure site at r = 0.89), in-code Weyl4 extraction at R = 10/14/18 with the python consumer's psi4 at the same radii as the cross-check, Weyl4 frames over a 40-wide window, checkpoints on (the t = 20 one seeds the fill-radius insensitivity arm) -- does freezing the interior of a black hole that has already formed carry the merger past the wall?	WRONG ARM POINT: the fill was set at t = 22.5 (early) when it had to be as late as the death clock allows	stopped by hand at t = 15.53 before the fill would have engaged, so nothing it produced differs from the V1 scout; run dir and scratch pruned on the user's word 2026-09-09 04:50 (MANIFEST_CLEANUP_2026-09-04.md); replaced by merge_headon_flip_d8_v1c_latefreeze_t100
merge_headon_flip_d8_v1c_latefreeze_t100	V1c late-freeze arm (Phase 3, queue 1c): the V1 scout re-run to t = 100 with the smooth interior fill armed AS LATE AS IT GOES -- t = 26.5, the last moment the scout was still healthy (K = 0.47 finite) and 0.41 units before its NaN at 26.91 -- so the whole merger is captured and only its terminal blowup is given up; r_full 1.2 / r_start 1.8, both inside the t = 26 trapped surface at r = 1.98 and outside the failure site at r = 0.89; in-code Weyl4 extraction at R = 10/14/18 with the python consumer psi4 at the same radii as the cross-check; Weyl4 frames over a 40-wide window; rolling checkpoint every 1.0 unit, newest only -- does freezing the interior of a black hole that has already formed carry the merger past the wall?	FINISHED at t = 100 (04:47-11:23, 15.2 u/h), no NaN, every stream clean. The (2,0) wave swings three times (period ~33, x0.6 per half-swing at R = 10) and is outgoing in every window to t = 100 -- no wall echo. Constraints creep up under the fill (Ham 3.3e-3 at t = 30-40 -> 5.8e-3 at 90-100, doubling every ~80 units). Consumer psi4 on the in-code Weyl4 stream at median ratio 1.00. The frozen core holds lapse 1.97e-2 / chi 3.8e-6 from 26.5 to 100. Figure headon_freeze_psi4_20_R10_14_18_t100.png.	
merge_headon_flip_d6_m05_t100	V1-m05 -- LOW-MASS HEAD-ON, d = 6 (Phase 3, GPU_PLAN.md queue 1d, 2026-09-09).	halving the mass did NOT avoid the horizon: a common trapped surface on the live level-1 scan from t = 12.32 to 13.37 (theta_common min -0.084 at t = 12.94, then open again), lapse 0.44 -> 0.036 over t = 7.5-13, mouths merged in the tracker at t = 11.07, NaN at t = 14.00 in cells ~1.0 from the box centre with the lapse on its 1e-10 floor -- the scout's anatomy 12.9 units earlier; constraints flat at 3.4e-3 to the last step; offline level-3 scan CONFIRMS a common MOTS at t = 12 (areal R 3.83, M_MS 2.16) and t = 13 (areal R 3.91, M_MS 2.05, outermost) -- the mass inside is twice the sum of the two mass parameters, and the throat areal radius is only 18% smaller than at m = 1, so mass cannot put the pair under the hoop; the areal dev column of this run is against the m = 1 reference 3.8895 and is trend-only	
merge_headon_flip_d8_v1_lvl5_t100_r02200	V1-lvl5 -- HEAD-ON AT max_level 5, RESTARTED FROM t = 22 (Phase 3, GPU_PLAN.md queue 1e, 2026-09-09). -- restarted from BinaryWormholeChk02200 of the V1c late-freeze run	Finished t = 100 (2026-09-10 01:12, 18.6 h, 4.2 units/h, no NaN): passed the wall at t = 27.05 on resolution alone with the constraints falling, clean black hole at t = 43 (MOTS R 4.9, M_MS 2.5, no throat). Final Hamiltonian 1.395e-3, momentum 1.304e-3 -- equal to the level-3 down-step to 0.05 % / 1.4 %, and 4.3x BETTER than the frozen-core V1c arm (6.06e-3 / 5.78e-3). Wave equal to the down-step and the fill twin to 0.05-0.33 % of peak over t = 45-100.	
merge_headon_flip_d8_v1c_fillnarrow_t100_r02200	V1c-fillnarrow -- THE FILL-RADIUS TWIN, RESTARTED FROM t = 22 (Phase 3, GPU_PLAN.md queue 1f, 2026-09-09). -- restarted from BinaryWormholeChk02200 of the V1c late-freeze run	FINISHED at t = 100 (06:39-11:17, 16.8 u/h), no NaN. The seam test: r.psi4 agrees with V1c to 3e-4 of peak until the fill's imprint arrives, then 1 % (t = 50-60) to 4-5 % (60-100) at R = 10, 3 -> 12 % at R = 14; at R = 18 both runs grow a grid-scale wobble (period ~1.5) from t ~ 80 that differs by up to 40 % of peak -- the late R = 18 signal is noise, the slow swing agrees. Momentum norm 8.1e-3 vs V1c's 5.7e-3 at t = 90-100: the narrower fill stays worse. SEAM VERDICT REVISED 13:05: that drift is NOT the fill -- this twin, the no-fill level-5 arm and the no-fill level-3 down-step agree with each other to 0.01-0.02 % of peak, and each differs from V1c by the same amount, so the drift is V1c's (the only arm never restarted; regrid phase the likely cause). Untested control: a restart from t = 22 with V1c's own fill 1.2/1.8.	
merge_headon_flip_d8_v1_lvl5chk_t100_r02200	V1-lvl5chk -- THE LEVEL-5 ARM'S CHECKPOINTED TWIN, RESTARTED FROM t = 22 (Phase 3, GPU_PLAN.md queue 1h, 2026-09-09). -- restarted from BinaryWormholeChk02200 (kept in _keep_v1c: _keep_v1c = the V1c late-freeze run, _keep_lvl5 = the level-5 checkpointed twin)	Byte-for-byte twin of the level-5 arm (constraint norms identical to the last digit through t = 37.5); its job was the checkpoints: t = 30/35/40 copied to _keep_lvl5 by keep_lvl5_checkpoints.sh (the run's own rolling ones were swept by a stale pruner loop, killed 12:48).	stopped by hand at t = 40.05 (12:50) once the t = 40 checkpoint was kept; card 1 freed
merge_headon_flip_d8_v1_lvl3down_t100_r03500	V1-lvl3down -- BACK TO max_level 3 FROM A LEVEL-5 CHECKPOINT (Phase 3, GPU_PLAN.md queue 1i, 2026-09-09). -- restarted from BinaryWormholeChk03500 (kept in _keep_lvl5: _keep_v1c = the V1c late-freeze run, _keep_lvl5 = the level-5 checkpointed twin)	Finished t = 100 (2026-09-09 15:36, 3.8 h, 16.5 units/h, no NaN): tracks the level-5 arm it came from to 0.05 / 0.19 / 0.25 % of peak in the (2,0) wave at R = 10 / 14 / 18 through t = 98.4 and to 2 % in the constraints (Hamiltonian 1.21e-3 vs 1.22e-3 at t = 97.7); the coarse core stayed calmer than the fine one. The cheap production route: level 5 through the wall, level 3 after.	
# Filed 2026-09-10 when the pack was grouped by physics: the runs that were packed for the first time and had no line.
# 01_single_throat, Stage 1 (2026-08-28/29, old binary, max_level 2 unless said, a = 2, m = 1): does one throat sit still?
stage1_lapse5	Stage 1: the drainhole's own static lapse (type 5), sigma 2.0, max_level 2 -- ran to t = 40 with the throat destroyed (R 3.89 -> 2.58) while every constraint norm read flat: sigma 2.0 must not ship		
stage1_lapse6	Stage 1: lapse type 6 (the origin-isolating collar), sigma 2.0, max_level 2 -- NaN at t = 21.7		
stage1_lapse5_sg01	Stage 1: lapse 5, sigma 0.1, max_level 2 -- NaN at t = 24.2 on level 2 with the throat still exact (3.894); the ml2 origin death, later shown to be the grid's		
stage1_lapse6_sg01	Stage 1: the collar with sigma 0.1, max_level 2 -- NaN at t = 31.4, throat drifted to 3.127: the collar buys 3.5x in survival and costs 20 % on the radius (a finite perturbation of an unstable equilibrium, not a bias)		
stage1_lapse5_sg00	Stage 1: lapse 5, sigma 0.0, max_level 2 -- never went unstable; the chi-gradient tagger chased the undissipated noise to 1000 grids and 24 % of the domain and the card ran out of memory at t = 35.2 (throat 3.87-3.95); why the campaign moved to fixed and tracked boxes		out of memory at t = {t:.2f}, never unstable
s1uni128_lapse5_sg01	Stage 1.4: unigrid control, N = 128 (dx 0.5 at the origin), lapse 5, sigma 0.1 -- NaN at t = 6.6 (K, level 0): removing the refinement makes the origin death 4x earlier		
s1uni256_lapse5_sg01	Stage 1.4: unigrid N = 256 (dx 0.25), lapse 5, sigma 0.1 -- NaN at t = 1.2 (h11, level 0): refining uniformly makes it 20x earlier		
s15_lapse5_sg01_fg	Stage 1.5: lapse 5, sigma 0.1 on the fixed-grid tagger, max_level 2 (dx 0.125) -- the half-resolution rung of the instability ladder; turns over at t = 20.5 and dies within 3 units of it, so it shows no growth rate		
s15_lapse5_sg00_fg	Stage 1.5: sigma 0.0 on the fixed-grid tagger, max_level 2 -- the no-dissipation twin of the half-resolution rung		
s15_lapse6_sg00_fg	Stage 1.5: the collar with sigma 0.0 on the fixed-grid tagger, max_level 2 -- contracts monotonically from t = 0 (-0.31 % by t = 5, -7.3 % by t = 26): the collar excites the unstable mode from the start		
s16ml3_lapse5_sg01_fg	Stage 1.6: lapse 5, sigma 0.1, fixed-grid tagger, max_level 3 (dx 0.0625) -- THE SAME EVOLUTION as single_hold_t100 to t = 39.5 (identical R at every output, bit-identical norms: for one centred throat tagging types 1 and 2 build the same grids); do not cite the two as agreeing runs		
# 02_moving_throat, Stage 2.0 (2026-08-31)
s20_boost_p02	Stage 2.0 shakedown: one throat with a Bowen-York boost P = 0.2 along z and the moving-box tagger driven by the throat tracker -- crossed 3.3 grid units, completed t = 40 with zero lost rows and no NaN; the shakedown the whole two-throat programme is built on (frames in the x-z plane, frames_xz/)		
# 03_two_throats, Stage 2.5/2.6 (2026-08-31): what do two throats do to each other? Same body throughout (d = 12, a = 2, m = 1, L 64, N 128, max_level 3, lapse 5, sigma 0.1); each changes one thing.
orbit_d12_p012	two like-oriented throats at d = 12 with the tangential push P = +-0.12 -- they SEPARATE: +2.02 by t = 20 and still accelerating apart		stopped by hand at t = {t:.2f}, the pair still separating
ctrl_rest_d12	the same pair released from rest (no push) -- separates anyway, +0.0127 outward at first, +0.47 by t = 11.5: the push was not the cause		
ctrl_rest_a1	rest release at d = 12 with the throat width halved (a = 1) -- separates 3.0x weaker (+0.0042): the repulsion tracks the throat width, not the mass (4.0x predicted; the gap is the coordinate under-read)		
ctrl_flip_d12	rest release at d = 12 with throat B's scalar field reversed (wormhole_phi_sign_B = -1) -- falls together, -0.0196 inward, -0.56 by t = 10.5; infall/escape = 1.511 +- 0.033 against the predicted 1.500 (15 samples, t = 3.5-10.5): the field orientation sets the sign of the force, and this is the only gravity-driven route to a merger		
# 05_binary_spiral/p012_ladder and p012_freeze, the refinement ladder and the freeze programme (2026-09-01/02): every arm restarts the p = 0.12 merger from a checkpoint of its chain.
ladder_L6_r05000	refinement ladder, top rung: the p = 0.12 merger restarted from Chk05000 with max_level 6 (dx 0.0078), undamped -- h11 NaN at t = 56.13 right after a regrid; the ladder reads 52.09 / 53.10 / 55.60 / 56.13 for levels 3 / 4 / 5 / 6 and saturates (+0.53 at the last rung)		
freeze_narrow_t080_r05000	the smooth interior fill (CoreFreezeFill r_full 1.3 / r_start 1.8) engaged at t = 53, restarted from Chk05000 at max_level 5 -- reached t = 80 with no NaN: the first p = 0.12 waveform carried past the wall		
freeze_wide_t080_r05000	the same fill one cell wider (r_full 1.5 / r_start 2.0), the seam-radius twin -- t = 80, no NaN; agrees with fill80 to five digits outside the fill and measured the propagation speed (R = 30 lags R = 14 by 18.0 over 16 units, 1.125x slower than coordinate light)		
freeze_narrow_t100_r08000	fill80 continued from its t = 80 checkpoint towards t = 100 -- no NaN; its R = 30 stream completes the revised collapse window (76.1-83.6) and shows the second peak		stopped at t = {t:.2f} of 100, no NaN
freeze_wide_t100_r08000	fillwide80 continued from its t = 80 checkpoint towards t = 100, the wave-8 twin -- no NaN; the source of the stitched p = 0.12 waveform's last segment (psi4_merger_stitched_0_97.dat: r03000 0-50.5, fillwide80 50.5-79.5, fillwide100 80.5-97)		stopped at t = {t:.2f} of 100, no NaN
freeze_wave_crosscheck_r09000	Weyl-extraction smoke test (2026-09-02): fill100 restarted from Chk09000 (t = 90) with the in-code WeylExtraction stream on at the consumer's radii, to validate it against the plotfile psi4 on the same trajectory -- scratch-grade; NaN at t = 90.5		
freeze_wave_crosscheck_diag_r09000	the Weyl-extraction diagnostic pass: the same restart run 0.15 units (t = 90 -> 90.15) with the extraction on and no consumer -- the stream-versus-plotfile comparison that certified the in-code Weyl4 for the Phase-3 head-on arms		
single_eps_m1e2_t100	SEED ARM -0.01 (GPU_PLAN.md queue 2, launched 2026-09-10 on the user's word): single_eps_m1e2_t100 -- single_hold_t100 with a declared -1 % push IN on the throat (wormhole_seed_amplitude_A = -0.01); its twin single_eps_p1e2_t100 pushes OUT. Same grid (level 3), same everything: does the sign of the push pick the branch?	INFLATES, to t = 100 with no NaN: no horizon at any time, an anti-trapped shell (up to 26 trapped-surface samples anti-trapped at t = 27), the pair's crossing at t = 13.01. Two limits: (i) the areal scan loses the throat at t ~ 63 -- the throat is out at r = 9.6 with R = 9.3, and the global minimum jumps to the scan's inner edge (r = 0.533), so R_min after t = 63 is not the throat; (ii) the Hamiltonian norm is flat to t ~ 55 and then grows 60x to 8.8e-2 by t = 100, as it does in the unkicked single_hold_t100 (1.2e-1) -- quote nothing after t ~ 55 without that. No gravitational waves, by symmetry: every l >= 2 mode of Psi4 is zero for a spherical throat and a spherical kick; the (2,0) mode sits at the grid floor (<= 1.5e-5 at R = 14 to t = 35, the same kicked or not) and its late rise falls 50-500x between R = 14 and R = 30, which no outgoing wave does.	ran to stop_time t = 100; 95 GB of scratch (40 plotfiles, no checkpoints)
single_eps_p1e2_t100	SEED ARM +0.01 (GPU_PLAN.md queue 2, launched 2026-09-10 on the user's word): single_eps_p1e2_t100 -- single_hold_t100 with a declared +1 % push OUT on the throat (wormhole_seed_amplitude_A = +0.01); its twin single_eps_m1e2_t100 pushes IN. Same grid (level 3), same everything: does the sign of the push pick the branch?	COLLAPSES TO A BLACK HOLE, to t = 100 with no NaN: a horizon from t = 11 (R = 3.88, Misner-Sharp mass 1.94) that shrinks to R = 2.34 at t = 47 and regrows slowly to 2.57 by t = 99; the lapse collapses to 0.0097 at t = 37-38 and recovers to 0.015. Limits: (i) the areal scan's minimum reaches its inner cutoff (r = 0.533) at t = 29, so the throat radius is unreadable after that -- read the horizon radius instead; (ii) at t = 26-28, just after the horizon forms, chi sits on its 1e-8 floor with the lapse still ~0.2 -- the same passage that killed the 0.1 % twin, survived here; (iii) the Hamiltonian norm is flat to t ~ 75 and grows 60x to 9.2e-2 by t = 100, as in the unkicked reference. No gravitational waves, by symmetry: every l >= 2 mode of Psi4 is zero for a spherical throat and a spherical kick; the (2,0) mode sits at the grid floor (<= 1.5e-5 at R = 14 to t = 35, the same kicked or not) and its late rise falls 50-500x between R = 14 and R = 30, which no outgoing wave does.	ran to stop_time t = 100; 96 GB of scratch (41 plotfiles, no checkpoints)
single_eps_m1e1_t100	SEED ARM -0.1 (GPU_PLAN.md queue 2, launched 2026-09-10 on the user's word): single_eps_m1e1_t100 -- single_hold_t100 with a declared 10 % push IN on the throat (wormhole_seed_amplitude_A = -0.1); its twin single_eps_p1e1_t100 pushes the other way, and the 1 % pair single_eps_m1e2/p1e2_t100 is the quiet rung. Level 3, same grid as every arm: does the sign of the push pick the branch, and how does the onset move with the size?		
single_eps_p1e1_t100	SEED ARM 0.1 (GPU_PLAN.md queue 2, launched 2026-09-10 on the user's word): single_eps_p1e1_t100 -- single_hold_t100 with a declared 10 % push OUT on the throat (wormhole_seed_amplitude_A = 0.1); its twin single_eps_m1e1_t100 pushes the other way, and the 1 % pair single_eps_m1e2/p1e2_t100 is the quiet rung. Level 3, same grid as every arm: does the sign of the push pick the branch, and how does the onset move with the size?		
single_eps_m1e3_t100	SEED ARM -0.001 (GPU_PLAN.md queue 2, launched 2026-09-10 on the user's word): single_hold_t100 with a declared -0.1 % push IN on the throat (wormhole_seed_amplitude_A = -0.001); its twin single_eps_p1e3_t100 pushes OUT. Same grid (level 3) and everything else as the +-0.01 pair, one tenth the amplitude: is the branch point a property of the kick or of the throat?	INFLATES, to t = 100 with no NaN, the same fate as -0.01 about 11 units later: no horizon at any time, an anti-trapped shell peaking at t = 37 (-0.01: t = 27), the pair's crossing at t = 13.04 (-0.01: 13.01). Limits: (i) the areal scan loses the throat at t = 74 (throat at r = 9.3, R = 8.7; the global minimum jumps to the scan's inner edge, r = 0.533), so R_min after t = 74 is not the throat; (ii) the Hamiltonian norm is flat to t ~ 65 and grows to 4.7e-2 by t = 100, as in every arm and in the unkicked reference; (iii) the plotfile-derived streams end at t = 99 -- the run finished before the consumer's 30 s guard admitted the last plotfile. No gravitational waves, by symmetry: every l >= 2 mode of Psi4 is zero for a spherical throat and a spherical kick; the (2,0) mode sits at the grid floor (<= 1.3e-5 at R = 14 to t = 35) and never exceeds 1e-3 at R = 14.	ran to stop_time t = 100; 95 GB of scratch (40 plotfiles, no checkpoints)
single_eps_p1e3_t100	SEED ARM +0.001 (GPU_PLAN.md queue 2, launched 2026-09-10 on the user's word): single_hold_t100 with a declared +0.1 % push OUT on the throat (wormhole_seed_amplitude_A = 0.001); its twin single_eps_m1e3_t100 pushes IN. Same grid (level 3), same everything as the +-0.01 pair, one tenth the amplitude: is the branch point a property of the kick or of the throat? Answer: the pair crosses itself at t = 13.04 against t = 13.01 for +-0.01, so a tenfold change in the kick moves the branch by 0.03 -- the crossing belongs to the throat's own transient.	DIED: NaN at t = 40.07 (level 3, h11), 15 units after its horizon formed (t = 25, R = 3.81, Misner-Sharp mass 1.91), with the horizon at R = 3.10 and the areal minimum still walking inward. CORRECTED 2026-09-10 (a wrong explanation was written here first): compared at the same horizon radius, this arm and ep = +0.01 are in the same state -- lapse ~0.2 in both, chi on its 1e-8 floor in both, |K| 0.8 against 0.6 at R_horizon ~ 3.1. The +0.01 arm got through that passage (t = 26-29) and only then collapsed its lapse (t = 31-37); this one died in it. Comparing the two at the same CLOCK time had made the big kick look protected by its gauge; that was the confound. Why one survived and one did not is not determined by one pair. Quote nothing after t = 40.06. No gravitational waves, by symmetry: every l >= 2 mode of Psi4 is zero for a spherical throat and a spherical kick; the (2,0) mode sits at the grid floor (<= 1.5e-5 at R = 14 to t = 35, the same kicked or not) and its late rise falls 50-500x between R = 14 and R = 30, which no outgoing wave does.	ran to NaN, not stopped by hand; 95 GB of scratch (40 plotfiles, no checkpoints) left un-pruned
single_eps_m1e2_ml4_t060	SEED ARM -0.01 AT LEVEL 4 (GPU_PLAN.md queue 2b, launched 2026-09-10 on the user's word): single_eps_m1e2_ml4_t060 -- single_eps_m1e2_t100 (a declared 1 % push IN on the throat) with max_level 4, stopped at t = 60; its twin single_eps_p1e2_ml4_t060. At level 4 the UNKICKED throat inflates: does the declared kick still pick the fate?	level-4 twin of the -0.01 kick; only t <= 13.5 exists, radius rising 3.812 -> 3.881 (inflation side), fate not followed to its end	stopped by hand at t = 13.50
single_eps_p1e2_ml4_t060	SEED ARM +0.01 AT LEVEL 4 (GPU_PLAN.md queue 2b, launched 2026-09-10 on the user's word): single_eps_p1e2_ml4_t060 -- single_eps_p1e2_t100 (a declared 1 % push OUT on the throat) with max_level 4, stopped at t = 60; its twin single_eps_m1e2_ml4_t060. At level 4 the UNKICKED throat inflates: does the declared kick still pick the fate?	level-4 twin of the +0.01 kick; MOTS at t = 11 (areal 3.883, as at level 3) and the twins cross at t = 12.99 (level 3: 13.01); fate not followed to its end	stopped by hand at t = 13.50
single_eps_p1e2_q1e2_t100	SEED ARM +0.01 WITH A QUADRUPOLE (GPU_PLAN.md queue 2d, launched 2026-09-10 on the user's word): single_eps_p1e2_q1e2_t100 -- single_eps_p1e2_t100 (declared +1 % spherical push OUT, black hole from t = 11) with a quadrupolar kick on top, wormhole_seed_l2_amplitude_A = 0.01: the same shell times P2(cos theta) about z. A spherical throat cannot radiate; this one has a quadrupole to shed while it collapses, so the ringdown of the black hole it forms should reach the wave spheres (R = 10/14/18/22).	MOTS radius within 0.3-0.5 % of the spherical +0.01 arm's at t = 23-27; the (2,0) mode leaves the spherical floor from t ~ 21 (1.5e-4 at R = 14 at t = 24, 10x the spherical arm, 130x below the head-on) and reaches R = 18 and 22 only as the run ends -- the opening of an outgoing burst, too short to quote an amplitude, a falloff or a frequency from	NaN at t = 27.58 (h11, level 3), horizon at areal radius ~2.9
single_m05_t040	HALF-MASS LONE THROAT (GPU_PLAN.md queue 1g, launched 2026-09-10 on the user's word): single_m05_t040 -- the control for the half-mass head-on merge_headon_flip_d6_m05_t100.	exact to 0.02 % through t = 14, so the half-mass head-on's death is the pair's, not self-decay; leaves 0.1 % at t ~ 17; no trapped or anti-trapped ray at any time; exact throat radius 2.87173 confirmed at t = 0	NaN at t = 26.28 (K, level 3, 0.16 from the throat centre, chi on the 1e-20 floor)
single_hold_L128_t100	BIG-BOX LONE THROAT (GPU_PLAN.md queue 2c, launched 2026-09-10 on the user's word): single_hold_L128_t100 -- single_hold_t100 in a box twice as wide.	R = 14 passes 3e-5 at t = 41 as in the small box, so the Psi4 floor rise is not the outer boundary; the constraint-onset question needs t > 57 and was not reached; L2 norms are whole-box averages (3x lower here at t = 0), compare onset times only	stopped by hand at t = 41.30
single_eps_p1e2_q1e2_chk_t100	WAVE FROM ONE THROAT, LEG 1 (GPU_PLAN.md queue 2e (i), launched 2026-09-14 on the user's word, one card): single_eps_p1e2_q1e2_chk_t100 -- the 2d quadrupole arm (+0.01 spherical kick, wormhole_seed_l2_amplitude_A = 0.01, spheres R = 10/14/18/22) run again to its own NaN (2d died at t = 27.58) with ROLLING CHECKPOINTS every 0.5 units, keep 2, so leg 2 restarts from just before the wall with the interior fill armed		
single_eps_p1e2_q1e2_ml4_t100_r02500	WAVE FROM ONE THROAT, LEG 2 (GPU_PLAN.md queue 2e (i), route B, one card): single_eps_p1e2_q1e2_ml4_t100 -- leg 1 (single_eps_p1e2_q1e2_chk_t100, the 2d quadrupole arm with rolling checkpoints) restarted from its last checkpoint before the K runaway at t = 27.58 with max_level 3 -> 4 (launch.sh --max-level 4), NO interior fill, checkpoints on: does resolution alone carry the kicked throat through its wall, as level 5 did for the head-on? Falls back to the fill from the same checkpoint if it dies within a few units -- restarted from BinaryWormholeChk02500 (kept in _keep_2e)		
single_eps_p1e2_q5e2_ml4_t100	WAVE FROM ONE THROAT, STRONGER QUADRUPOLE (queue 2e follow-up, launched 2026-09-14 on the user's word, one card): single_eps_p1e2_q5e2_ml4_t100 -- the quadrupole arm at wormhole_seed_l2_amplitude_A = 0.05 (5x the 2d/leg-2 value) on the +0.01 spherical kick, max_level 4 from t = 0 (leg 2 showed level 4 passes the t = 27.6 wall that kills level 3), spheres R = 10/14/18/22, rolling checkpoints every 0.5 units keep 2.  Why: at 0.01 the (2,0) wave was only ~2.3x the spherical control's l = 2 floor at R = 14 (5.2e-4 vs 2.3e-4, t = 26-51) -- too weak for the ringdown (gate 4) and amplitude (gate 3) reads; 0.05 puts it ~10x the floor and tests linearity against the 0.01 arm.		
v2_spiral_d12_p012_L128_lvl3_t050	V2 PRODUCTION SPIRAL, STAGE 1 (GPU_PLAN queue 5, launched 2026-09-15 on the user's word, one card): L=128 N=256 d=12 p=0.12 at level 3 with a 2-unit checkpoint ladder to t=50 -- the ladder stage 2 restarts from at level 5, and the wall time measured on this grid rather than transferred from L=64. Frames 100 wide so all four extraction spheres (20/28/36/44) and the wave zone out to the sponge at 48 are in frame		
ladder_L4_r05000	refinement ladder, rung 2: the p = 0.12 merger restarted from Chk05000 with max_level 4 (dx 0.0156), undamped -- h11 NaN at t = 53.10, +1.01 on the level-3 wall at 52.09		
ladder_L4_damped_r05000	refinement ladder, rung 2 with core matter damping ON, otherwise ladder_L4_r05000 byte for byte -- NaN at t = 53.75, +0.65 over the undamped rung: damping buys a fraction of a unit and changes no verdict	the damping pair exists to show it shapes nothing that is claimed	
ladder_L5_r05000	refinement ladder, rung 3: max_level 5 (dx 0.0078 at the core), undamped -- NaN at t = 55.60, +2.50 on rung 2 and the largest single gain of the ladder		
ladder_L5_damped_r05000	refinement ladder, rung 3 with core matter damping ON -- NaN at t = 54.76, BELOW its undamped twin's 55.60: more damping is not more survival		
ladder_L5_halfstep_r05000	refinement ladder, rung 3 with dt_multiplier halved to 0.01, undamped -- NaN at t = 55.96 against the full-step twin's 55.60, so the wall is not a time-step effect at this resolution	+0.36 is within the ladder's own scatter	
ladder_L6_damped_r05000	refinement ladder, rung 4 with core matter damping ON -- NaN at t = 56.71 against the undamped rung's 56.13		
ladder_L7_r05000	refinement ladder, top rung: max_level 7, undamped -- NaN at t = 56.20, statistically the same as level 6's 56.13: the ladder has SATURATED and refinement is finished as a route through the orbital wall	this is the measurement behind dropping queue 6	
freeze_narrow_late_t080_r05000	interior-freeze arm, narrow skin armed LATE, max_level 6, from Chk05000 -- ran to t = 74.57; the late/narrow corner of the fill grid whose radius insensitivity underwrites the freeze verdict		
bridge_grtresna_L64_t025	QUEUE 3 BRIDGE TEST -- constraint-solved initial data through ExternalGridInitialData.	NOTHING MAY BE QUOTED FROM IT AND THE TEST WAS ABANDONED, NOT FAILED OPEN. The .gridinit it was fed has no throat: the stored areal radius falls monotonically to zero at the centre (2.011 at r = 1.25, 1.863 at 0.75, 1.600 at 0.25) instead of bottoming out at R = 2.039 near r = 1 and rising again, and psi peaks at 2.53 where the exact drainhole is 4.20. A throat needs psi ~ b/2r at the centre and the puncture decomposition has no term that can represent it -- the scheme, not the export dx = 0.5, which is what the first reading blamed. The psi Robin fix (GRTresna 7ae07cd) is unaffected and stands; it governs the OUTER region, and the file matches the exact drainhole for r >= 1.25. Queue 3 dropped 2026-09-15: the 8-11 % superposition error it was meant to remove is transient and separable by arrival time (junk radiation arrives at r/c and leaves, CCZ4 damps the violation), so superposed data stands for V1/V2. Note also that 'throat R = 2.039' was inferred from the outer fit, never measured at the throat -- the inner profile was not read until after the run died (README rule 14). Used wormhole_initial_lapse_type = 1 (precollapsed, = sqrt(chi)), not the 5 every campaign template carries, because 5 matches no branch in either initial-data path.	DIED at t = 5.31 on NaN in h11 (level 3, rank 0, amrex::Abort in GRAMRLevel::post_timestep), 05:40 2026-09-15, 19.7 units short. Ran 5.3 units first: min_chi rose 0.0244 -> 0.126 and min_lapse 0.156 -> 0.330 as the cusp smoothed out, L2_Ham 3.6e-3 -> 2.0e-2, then max_K ran 0.9 -> 390 in 0.3 units. Scratch pruned to BinaryWormholePlt00520 (the last state before the NaN); see runs/wormhole_merger/MANIFEST_CLEANUP_2026-09-15.md.
v2_spiral_d12_p012_L128_lvl5_t100_r03600	V2 PRODUCTION SPIRAL, STAGE 2 (GPU_PLAN queue 5, launched 2026-09-15 on the user's word, one card): level 5 restarted from stage 1's t = 36 checkpoint, rolling checkpoints every 0.5 units (keep 3), stop_time 100 -- EXPECTED TO NaN AT THE WALL. Stage 1 stopped two units in front of it (stop_time 50; L = 64 died at 52.07 at level 3, 55.60 at level 5) with the approach in its last five units: min_chi on the 1e-8 floor from t = 45.5 as max_K jumped 0.08 -> 1.6, constraints turning back up from t = 47.5. The last clean checkpoint before the NaN is copied out and seeds stage 3: the same restart with the interior fill armed as late as it goes, to t = 150. Two levels added at the restart (dx 0.0625 -> 0.0156), as the head-on's level-5 arm did at t = 22 SUPERSEDED AND UNPACKED 2026-09-16: its successor v2_spiral_d12_p012_L128_lvl5_t150_prof_r03600 is the same run carried further, and all 30 of this arm's data files are a byte-exact prefix of that one's, so keeping both made the paper's p012 series read as three runs when it is two. The three artefacts unique to this arm -- the oriented horizon scan over t=55/56/57 (no MOTS) and the two offline collapse profiles -- were folded into the successor's pack; everything else was redundant. Registry line kept: the run happened.		
v2_spiral_d12_p012_L128_lvl5_t150_prof_r03600	QUEUE 5 profiled arm: level 5 from stage 1's t=36 checkpoint to t=150, NO FREEZE (the oriented scan found no MOTS at t=55/56/57, so there is nothing to hide a fill inside), with the new in-code core_radial_profile on -- radially binned min(chi)/max(|K|)/min(lapse) every coarse step. Replaces the three-stage recipe; predecessor v2_spiral_d12_p012_L128_lvl5_t100_r03600 was stopped by hand at t=59.81 having taken its chi floor at 58.42 and survived it (max_K 4.81 turning over, constraints flat). Binary main3d_coreprof_2026-09-15.ex (md5 392303a7), built from the tree carrying CoreRadialProfile.hpp; its base is the 2026-09-10 seedl2 build, recorded as bit-for-bit with the seed off, and no seed keys are set here. The profile file carries its own 258-token header even though this is a restart: SmallDataIO keys headers off first_step (time == 0), which would have left 256 columns unlabelled, so the module decides on the file being empty instead. Launched 15:31.  DIED 2026-09-15 22:01 at t = 60.445: NaN in h11 on level 5, clean abort from GRAMRLevel::post_timestep, 6h26m at 3.80 u/h. FURTHEST ANY ARM OF THIS FAMILY HAS GONE -- 4.2 units past the whole t=50 refinement ladder (52.09/53.10/55.60/56.13/56.20 at levels 3-7). Nothing global failed: L2_Ham 1.0e-3 and L2_Mom 4.9e-3 at the last step, both still FALLING. Local core failure: min_chi on the 1e-8 floor from t~58.5, min_lapse 2.0e-3, max|K| 6.03. THE PROFILE DELIVERED: the wall is a narrow |K| spike that MIGRATES INWARD while it grows -- 0.42 at r=1.266 (t=53) -> 2.62 at 1.047 (57) -> 4.26 at 0.984 (58) -> 6.03 at 0.734 (60.44), back to the 0.07 background within ~0.2 of the peak. CORRECTED after plotting: no spike exists before t=49.09 (flat profile, peak track is argmax noise) and the outer edge (|K|>0.2) WIDENS to 1.359 at t=51.4 before contracting to 1.172 at t=57 and 1.078 at the end, so radius_full 1.25 covers an engagement at t=57 but not one at t~52. chi floor at t=58.43. That is the measured number CoreFreezeFill.hpp had only guessed ("expect radius_full ~1.2 to 1.5"). Profile validated against collapse_diagnostics.dat to every digit (max|K| 6.030). 12 movies under movies/ (24 frames, t=37-60). Checkpoints t=57/58/59/60 held on scratch; t=57 is the last one IN FRONT of the chi floor and is the only valid stage-3 seed. NB collapse_diagnostics.dat columns are min_lapse, min_chi, max_abs_K and it carries NO header on a restart. NON-INVASIVE, MEASURED: byte-for-byte identical to the predecessor arm (different binary, same Chk03600 seed) across all streams over the shared window t=36.01-59.84, 2384 rows -- the reduction touches nothing and the run is bit-reproducible. Packed to results/merger/campaign/05_binary_spiral/p012_paper/ (18 MB, profile gzipped, core_radial_profile.png, README).		
