# Trust windows: the last time each run's solution can be trusted -- one line per run, tab-separated.
# research/merger/closeout.sh cuts the run's movies there (rerender_frames.py --t-max): only frames at or
# before t_max set the colour scale and are stitched; later frames stay on disk, untouched.  Figures and the
# paper quote nothing after t_max either.  Add the row when the window is measured, then re-run the close-out.
run	t_max	why
single_eps_m1e2_L512_ml5_oct_t400	218	the 1+log collapse front reaches the outer face (x = 256) at t = 218 and its reflection runs back to the neck (x-t diagram of the lapse slice cache); the far horizon track is lost at t = 212, L2 H > 0.1 from t = 220, and grid noise grows on the neck sphere until the NaN at t = 392.36 (GPU_PLAN 2026-09-26 05:00)
merge_orbit_flip_d12_p045_L128_lvl5_t100	70	the mouths inflate past the scan window from t = 43 and the constraint norms grow by orders of magnitude (L2 H 5.8e-4 at t = 40, 2.5e-2 at t = 70, 0.51 at t = 100; L2 M 4.9e-4, 2.0e-2, 0.13); the waves are quoted to the matching retarded time t - R <= 50 (the gallery gate); set 2026-09-26 on the referee fixes
merge_headon_flip_d8_cs_lvl3_t030	29.7	the merged core's K runaway starts at t = 29.8 (max |K| 0.09 until 29.7, 0.29 at 29.8, 2.6 at 29.9), with chi on the floor from t = 27.97; the run ends at its stop time t = 30 with no NaN, and the scout's wall followed its own runaway by 1.6 units (GPU_PLAN 2026-09-27 08:30)
v2_spiral_d12_p012_L128_lvl5from0_t100_csm	57	the merged throat inflates past the scan windows (the common-centre scan's edge from t = 53) and the constraint norms grow x1.3 per unit from t ~ 50 (L2 H 1.7e-3 at t = 43-46, 2.4e-2 at t = 57, 4.5e-2 at t = 60.4; L2 M 1.9e-3, 1.1e-2, 1.6e-2): cut where the p = 0.45 fly-by's window was cut (L2 H ~ 2.5e-2); stopped by hand at t = 60.40 (the user), no NaN, no common MOTS through t = 60 (flow finder)
single_boost_p045_lbf_t050	44.5	the throat collapses on its own unstable mode from t = 29 (R_min -9.2 % at t = 44); chi at the pit reaches its floor at t = 44.60 and the run NaNs at t = 44.67 (h11, level 3)
single_boost_p045_lbf_ml4_t060	53.0	the throat collapses on its own unstable mode from t = 30 (R_min -11.4 % at t = 48, -30.1 % at t = 53); chi at the pit sits on or near its floor from t = 52.2, max |K| climbs from 0.74 at t = 53 to 5.4, and the run NaNs at t = 53.43 (h11, level 4)
spiral_d8_p010_lvl3_t040_lbf_csm	19.0	the merged core's K runaway starts at t ~ 19.3 (max |K| 0.15 at 19.05, 0.39 at 19.56, 0.88 at 20.58) and the run NaNs at t = 20.61 (K, level 3); constraints flat to the end (L2 H <= 1e-2), and the common MOTS (found from t = 12.5, R 5.624 -> 5.120) is tracked to the last plotfile t = 20.5
v2_spiral_d12_p012_L128_lvl5from0_t100_lb_csm	56.5	the merged structure inflates and L2 H grows x1.3 per unit from t ~ 50, crossing the p = 0.45 fly-by criterion 2.5e-2 at t = 56.3 (2.3e-2 at 56.1, 4.2e-2 at 58.1; L2 M follows): the csm spiral's own cut (t = 57) applied to this arm; the trackers collapse onto the central pit at t = 38.06 and the 3D finder's ±6 window is too small from t ~ 61; NaN in h11 (level 2) at t = 71.78
spiral_d6_p010_L128_lvl5from0_t060_lbf_csm	25.5	the merged core's K runaway: max |K| grows ~0.13/unit from t ~ 19 (0.33 at 20, 0.87 at 25.0), turns exponential at t ~ 25.8 (1.9 at 25.78, 4.1 at 26.1), and the leg was stopped by hand at t = 26.26 before the NaN (the scout's death 5 units later at level 5); constraints flat to the stop (L2 Ham 4.4e-4), the common MOTS (from t = 13, R 5.600 -> 4.946) tracked to the last plotfile t = 26; leg 2 (lvl6from25_r02500) continues from Chk02500
spiral_d6_p010_L128_lvl6from25_t060_lbf_csm_r02500	29.4	single-cell NaN in h11 at the merged core centre, level 6, t = 29.407 (post_timestep check): grid-scale core instability, not the K wall -- Ham 1.9e-4 and max |K| 1.95 falling to the end; plotfiles clean through t = 29; superseded by the lvl7from25 rerun
spiral_d6_p010_L128_lvl7from25_t060_lbf_csm_r02500	27.5	single-cell NaN in h11 at the merged core centre, level 7, t = 27.53: TWO UNITS EARLIER than the lvl6 leg and with max |K| still climbing (5.1 at 27.34, 7.8 at death) -- finer resolution tracks the core blow-up further and dies sooner, so the core instability is not under-resolution; constraints clean to the end (Ham 2.2e-4); MOTS steady (R ~ 4.92); diagnostic arm, wrote no checkpoints
merge_orbit_flip_d12_p025_L128_lvl5_t100_lbf_csm	63.3	L2 Ham crosses the 2.5e-2 criterion for good at t = 63.3 (an early blip at t = 7.6 settled; the crossing never recovers, Ham 2.69 by t = 100); the run itself reached stop_time t = 100 with no NaN -- a scatter, not a plunge (closest 2.33 at t ~ 47, no common MOTS on any plotfile); waves quotable to retarded time t - R <= 63.3
spiral_d6_p010_L128_lvl5from25_sig10_t060_lbf_csm_r02500	30.5	the core h11 single-cell NaN again, level 5, t = 30.53 (max |K| 2.45 -> 57 in one 0.01 step): sigma 1.0 cleared BOTH earlier walls (K flat 1.1-1.8 through 26-29 where sigma-0.1 died at every level) and bought +1.1 units past lvl6, but delayed rather than cured the cell; constraints 1.8e-4 clean to the last step, MOTS = lvl6 to 4 digits; Chk03000 (t = 30, past both walls, core bounded) written and copied to NFS -- the chain restarts from it
v2_spiral_d12_p012_L128_lvl4from0_t100_csm	57.2	L2 Ham sustained crossing of 2.5e-2 (the lvl5 csm spiral's own cut was 56.5: the two levels agree on where trust ends)
merge_orbit_flip_d12_p060_L128_lvl4_t100_lbf_csm_r04000	55.5	died t = 55.52, the merged-core single-cell h11 NaN (the d6 chain's wall class); constraints clean to the death (L2 Ham 3.5e-4)
merge_orbit_flip_d12_p060_L128_lvl4from50_chi1e4_t100_lbf_csm_r05000	80.0	L2 Ham leaves the 2e-4 plateau at ~80 (sustained > 1e-3 from 83.7, 8.8e-3 at 100, e-fold ~11 u) and the Weyl4 frames pixelate with core junk from ~78-80 (the user's eye, 10-04) -- the chi-floored merged core radiating junk; late psi4 maxima at the four radii are out of propagation order after ~84, so the wave story ends here too; no NaN, reached stop_time 100
merge_orbit_flip_d12_p090_L128_lvl4from40_chi1e4_t100_lbf_csm_r04000	45.2	died t = 45.27, max|K| runaway at the merging core (93 -> 172 in one step, h11 NaN on level 4) with chi NEVER on its 1e-4 floor (chi_min 5.4e-3) -- the K-wall class, not the chi-steepness wall; Ham 1.9e-2 / Mom 1.2e-2 at death (sustained > 5e-3 from 42.4), under the 2.5e-2 criterion to the end
